name,price,star,rating,review,specifications
"REDMI 9i (Midnight Black, 64 GB)","₹8,299",4.3,"3,17,243 Ratings "," 17,994 Reviews",4 GB RAM | 64 GB ROM | Expandable Upto 512 GB16.59 cm (6.53 inch) HD+ Display13MP Rear Camera | 5MP Front Camera5000 mAh Lithium Polymer BatteryMediaTek Helio G25 ProcessorBrand Warranty of 1 Year Available for Mobile and 6 Months for Accessories
"POCO M3 (Cool Blue, 64 GB)","₹10,999",4.3,"1,76,091 Ratings "," 13,034 Reviews","6 GB RAM | 64 GB ROM | Expandable Upto 512 GB16.59 cm (6.53 inch) Full HD+ Display48MP + 2MP + 2MP | 8MP Front Camera6000 mAh Lithium-ion Polymer BatteryQualcomm Snapdragon 662 ProcessorOne Year Warranty for Handset, 6 Months for Accessories"
"realme C21 (Cross Black, 64 GB)","₹8,999",4.4,"20,873 Ratings ", 854 Reviews,4 GB RAM | 64 GB ROM | Expandable Upto 256 GB16.51 cm (6.5 inch) HD+ Display13MP + 2MP + 2MP | 5MP Front Camera5000 mAh BatteryMediaTek Helio G35 Processor1 Year Warranty for Mobile and 6 Months for Accessories
"realme C21 (Cross Black, 32 GB)","₹7,999",4.5,"21,923 Ratings ", 977 Reviews,3 GB RAM | 32 GB ROM | Expandable Upto 256 GB16.51 cm (6.5 inch) HD+ Display13MP + 2MP + 2MP | 5MP Front Camera5000 mAh BatteryMediaTek Helio G35 Processor1 Year Warranty for Mobile and 6 Months for Accessories
"realme C21 (Cross Blue, 64 GB)","₹8,999",4.4,"20,873 Ratings ", 854 Reviews,4 GB RAM | 64 GB ROM | Expandable Upto 256 GB16.51 cm (6.5 inch) HD+ Display13MP + 2MP + 2MP | 5MP Front Camera5000 mAh BatteryMediaTek Helio G35 Processor1 Year Warranty for Mobile and 6 Months for Accessories
"Infinix Hot 10 Play (Aegean Blue, 64 GB)","₹8,499",4.3,"23,193 Ratings "," 1,751 Reviews",4 GB RAM | 64 GB ROM | Expandable Upto 256 GB17.32 cm (6.82 inch) HD+ Display13MP + Depth Sensor | 8MP Front Camera6000 mAh Li-ion Polymer BatteryMediaTek Helio G35 Processor1 Year on Handset and 6 Months on Accessories
"REDMI 9i (Nature Green, 64 GB)","₹8,299",4.3,"3,17,243 Ratings "," 17,994 Reviews",4 GB RAM | 64 GB ROM | Expandable Upto 512 GB16.59 cm (6.53 inch) HD+ Display13MP Rear Camera | 5MP Front Camera5000 mAh Lithium Polymer BatteryMediaTek Helio G25 ProcessorBrand Warranty of 1 Year Available for Mobile and 6 Months for Accessories
"POCO M3 (Power Black, 128 GB)","₹11,999",4.3,"1,76,091 Ratings "," 13,034 Reviews","6 GB RAM | 128 GB ROM | Expandable Upto 512 GB16.59 cm (6.53 inch) Full HD+ Display48MP + 2MP + 2MP | 8MP Front Camera6000 mAh Lithium-ion Polymer BatteryQualcomm Snapdragon 662 ProcessorOne Year Warranty for Handset, 6 Months for Accessories"
"realme C20 (Cool Grey, 32 GB)","₹6,999",4.4,"41,843 Ratings "," 1,929 Reviews",2 GB RAM | 32 GB ROM | Expandable Upto 256 GB16.51 cm (6.5 inch) HD+ Display8MP Rear Camera | 5MP Front Camera5000 mAh BatteryMediaTek Helio G35 Processor1 Year Warranty for Mobile and 6 Months for Accessories
"realme C20 (Cool Blue, 32 GB)","₹6,999",4.4,"41,843 Ratings "," 1,929 Reviews",2 GB RAM | 32 GB ROM | Expandable Upto 256 GB16.51 cm (6.5 inch) HD+ Display8MP Rear Camera | 5MP Front Camera5000 mAh BatteryMediaTek Helio G35 Processor1 Year Warranty for Mobile and 6 Months for Accessories
"Infinix Hot 10 Play (7° Purple, 64 GB)","₹8,499",4.3,"23,193 Ratings "," 1,751 Reviews",4 GB RAM | 64 GB ROM | Expandable Upto 256 GB17.32 cm (6.82 inch) HD+ Display13MP + Depth Sensor | 8MP Front Camera6000 mAh Li-ion Polymer BatteryMediaTek Helio G35 Processor1 Year on Handset and 6 Months on Accessories
"Infinix Hot 10 Play (Morandi Green, 64 GB)","₹8,499",4.3,"23,193 Ratings "," 1,751 Reviews",4 GB RAM | 64 GB ROM | Expandable Upto 256 GB17.32 cm (6.82 inch) HD+ Display13MP + Depth Sensor | 8MP Front Camera6000 mAh Li-ion Polymer BatteryMediaTek Helio G35 Processor1 Year on Handset and 6 Months on Accessories
"realme Narzo 20 (Victory Blue, 64 GB)","₹10,499",4.3,"4,48,247 Ratings "," 34,694 Reviews",4 GB RAM | 64 GB ROM | Expandable Upto 256 GB16.56 cm (6.52 inch) HD+ Display48MP + 8MP + 2MP | 8MP Front Camera6000 mAh Lithium-ion BatteryMediaTek Helio G85 ProcessorBrand Warranty of 1 Year Available for Mobile and 6 Months for Accessories
"REDMI 9i (Sea Blue, 64 GB)","₹8,299",4.3,"3,17,243 Ratings "," 17,994 Reviews",4 GB RAM | 64 GB ROM | Expandable Upto 512 GB16.59 cm (6.53 inch) HD+ Display13MP Rear Camera | 5MP Front Camera5000 mAh Lithium Polymer BatteryMediaTek Helio G25 ProcessorBrand Warranty of 1 Year Available for Mobile and 6 Months for Accessories
"POCO M3 (Power Black, 64 GB)","₹10,999",4.3,"1,76,091 Ratings "," 13,034 Reviews","6 GB RAM | 64 GB ROM | Expandable Upto 512 GB16.59 cm (6.53 inch) Full HD+ Display48MP + 2MP + 2MP | 8MP Front Camera6000 mAh Lithium-ion Polymer BatteryQualcomm Snapdragon 662 ProcessorOne Year Warranty for Handset, 6 Months for Accessories"
"POCO M2 Reloaded (Mostly Blue, 64 GB)","₹9,499",4.4,"6,777 Ratings ", 440 Reviews,"4 GB RAM | 64 GB ROM | Expandable Upto 512 GB16.59 cm (6.53 inch) Full HD+ Display13MP + 8MP + 5MP + 2MP | 8MP Front Camera5000 mAh Lithium Polymer BatteryMediaTek Helio G80 Processor1 Year for Handset, 6 Months for Accessories"
"REDMI 9 Power (Electric Green, 64 GB)","₹10,499",4.3,"65,992 Ratings "," 4,650 Reviews",4 GB RAM | 64 GB ROM16.59 cm (6.53 inch) Full HD+ Display48MP Rear Camera | 8MP Front Camera6000 mAh BatteryQualcomm Snapdragon 662 Processor1 year manufacturer warranty for device and 6 months manufacturer warranty for in-box accessories including batteries from the date of purchase
"REDMI Note 9 (Shadow Black, 64 GB)","₹10,999",4.4,"47,914 Ratings "," 3,525 Reviews",4 GB RAM | 64 GB ROM | Expandable Upto 512 GB16.59 cm (6.53 inch) Full HD+ Display48MP + 8MP + 2MP + 2MP | 13MP Front Camera5020 mAh BatteryMediaTek Helio G85 Processor1 Year Manufacturer Warranty for Device and 6 months Manufacturer Warranty for In-box Accessories Including Batteries from the Date of Purchase
"OPPO A53 (Mint Cream, 128 GB)","₹14,997",4.4,"17,106 Ratings ", 926 Reviews,6 GB RAM | 128 GB ROM | Expandable Upto 256 GB16.51 cm (6.5 inch) HD+ Display13MP + 2MP + 2MP | 16MP Front Camera5000 mAh Lithium-ion Polymer BatteryQualcomm Snapdragon 460 ProcessorBrand Warranty of 1 Year Available for Mobile Including Battery and 6 Months for Accessories
"REDMI 9 Prime (Mint Green, 64 GB)","₹9,999",4.4,"1,18,232 Ratings "," 7,940 Reviews",4 GB RAM | 64 GB ROM | Expandable Upto 512 GB16.59 cm (6.53 inch) Full HD+ Display13MP Rear Camera | 8MP Front Camera5020 mAh BatteryMediaTek Helio G80 Processor1 Year Manufacturer Warranty
"POCO C3 (Matte Black, 32 GB)","₹7,499",4.3,"2,40,166 Ratings "," 16,892 Reviews",3 GB RAM | 32 GB ROM | Expandable Upto 512 GB16.59 cm (6.53 inch) HD+ Display13MP + 2MP + 2MP | 5MP Front Camera5000 mAh Li-ion Polymer BatteryMediatek Helio G35 Processor1 Year on Handset and 6 Months on Accessories
"POCO M3 (Yellow, 64 GB)","₹10,999",4.3,"1,76,091 Ratings "," 13,034 Reviews","6 GB RAM | 64 GB ROM | Expandable Upto 512 GB16.59 cm (6.53 inch) Full HD+ Display48MP + 2MP + 2MP | 8MP Front Camera6000 mAh Lithium-ion Polymer BatteryQualcomm Snapdragon 662 ProcessorOne Year Warranty for Handset, 6 Months for Accessories"
"REDMI Note 9 (Arctic White, 64 GB)","₹10,999",4.4,"47,914 Ratings "," 3,525 Reviews",4 GB RAM | 64 GB ROM | Expandable Upto 512 GB16.59 cm (6.53 inch) Full HD+ Display48MP + 8MP + 2MP + 2MP | 13MP Front Camera5020 mAh BatteryMediaTek Helio G85 Processor1 Year Manufacturer Warranty for Device and 6 months Manufacturer Warranty for In-box Accessories Including Batteries from the Date of Purchase
"REDMI Note 9 (Aqua Green, 64 GB)","₹10,999",4.4,"47,914 Ratings "," 3,525 Reviews",4 GB RAM | 64 GB ROM | Expandable Upto 512 GB16.59 cm (6.53 inch) Full HD+ Display48MP + 8MP + 2MP + 2MP | 13MP Front Camera5020 mAh BatteryMediaTek Helio G85 Processor1 Year Manufacturer Warranty for Device and 6 months Manufacturer Warranty for In-box Accessories Including Batteries from the Date of Purchase
"REDMI Note 9 (Aqua Green, 64 GB)","₹10,999",4.3,"63,619 Ratings "," 4,004 Reviews",4 GB RAM | 64 GB ROM | Expandable Upto 512 GB16.59 cm (6.53 inch) Full HD+ Display48MP + 8MP + 2MP + 2MP | 13MP Front Camera5020 mAh BatteryMediaTek Helio G85 Processor1 Year Manufacturer Warranty for Device and 6 months Manufacturer Warranty for In-box Accessories Including Batteries from the Date of Purchase
"realme Narzo 30A (Laser Black, 64 GB)","₹9,999",4.4,"99,231 Ratings "," 5,422 Reviews",4 GB RAM | 64 GB ROM | Expandable Upto 256 GB16.54 cm (6.51 inch) HD+ Display13MP + 2MP | 8MP Front Camera6000 mAh BatteryMediaTek Helio G85 Processor1 Year Warranty for Mobile and 6 Months for Accessories
"Infinix Smart HD 2021 (Quartz Green, 32 GB)","₹6,499",4.4,"55,135 Ratings "," 3,073 Reviews",2 GB RAM | 32 GB ROM | Expandable Upto 256 GB15.49 cm (6.1 inch) HD+ Display8MP Rear Camera | 5MP Front Camera5000 mAh Li-ion Polymer BatteryMediaTek Helio A20 Processor1 Year on Handset and 6 Months on Accessories
"I Kall K 320 (Purple, 64 GB)","₹6,799",3.2,"3,001 Ratings ", 225 Reviews,4 GB RAM | 64 GB ROM16.59 cm (6.53 inch) Display13MP + 2MP | 8MP Front Camera3600 mAh Battery1 Year warranty for mobile and 6 Months for box accessories || 2000 Plus service centre all over India
"Infinix Smart HD 2021 (Obsidian Black, 32 GB)","₹6,499",4.4,"55,135 Ratings "," 3,073 Reviews",2 GB RAM | 32 GB ROM | Expandable Upto 256 GB15.49 cm (6.1 inch) HD+ Display8MP Rear Camera | 5MP Front Camera5000 mAh Li-ion Polymer BatteryMediaTek Helio A20 Processor1 Year on Handset and 6 Months on Accessories
"Infinix Smart HD 2021 (Topaz Blue, 32 GB)","₹6,499",4.4,"55,135 Ratings "," 3,073 Reviews",2 GB RAM | 32 GB ROM | Expandable Upto 256 GB15.49 cm (6.1 inch) HD+ Display8MP Rear Camera | 5MP Front Camera5000 mAh Li-ion Polymer BatteryMediaTek Helio A20 Processor1 Year on Handset and 6 Months on Accessories
"realme Narzo 30A (Laser Blue, 32 GB)","₹8,999",4.4,"69,665 Ratings "," 4,238 Reviews",3 GB RAM | 32 GB ROM | Expandable Upto 256 GB16.54 cm (6.51 inch) HD+ Display13MP + 2MP | 8MP Front Camera6000 mAh BatteryMediaTek Helio G85 Processor1 Year Warranty for Mobile and 6 Months for Accessories
"I Kall K400 (Blue, 64 GB)","₹6,299",3,"1,816 Ratings ", 168 Reviews,4 GB RAM | 64 GB ROM15.24 cm (6 inch) Display8MP + 5MP | 5MP Dual Front Camera2800 mAh BatteryBrand Warranty of 1 Year Available for Mobile and 6 Months for Accessories
"MOTOROLA E7 Power (Tahiti Blue, 32 GB)","₹6,999",4.1,"3,164 Ratings ", 237 Reviews,2 GB RAM | 32 GB ROM | Expandable Upto 1 TB16.54 cm (6.51 inch) HD+ Display13MP + 2MP | 5MP Front Camera5000 mAh BatteryMediaTek Helio G25 Processor1 Year on Handset and 6 Months on Accessories
"realme Narzo 30A (Laser Black, 32 GB)","₹8,999",4.4,"69,665 Ratings "," 4,238 Reviews",3 GB RAM | 32 GB ROM | Expandable Upto 256 GB16.54 cm (6.51 inch) HD+ Display13MP + 2MP | 8MP Front Camera6000 mAh BatteryMediaTek Helio G85 Processor1 Year Warranty for Mobile and 6 Months for Accessories
"MOTOROLA G10 Power (Breeze Blue, 64 GB)","₹9,499",4.1,"28,917 Ratings "," 2,166 Reviews",4 GB RAM | 64 GB ROM16.54 cm (6.51 inch) HD+ Display48MP + 8MP + 2MP + 2MP | 8MP Front Camera6000 mAh BatterySnapdragon 460 ProcessorStock Android Experience | Think Shield Security1 Year on Handset and 6 Months on Accessories
"I Kall K260 (Blue, 16 GB)","₹4,699",2.9,"2,540 Ratings ", 201 Reviews,2 GB RAM | 16 GB ROM13.84 cm (5.45 inch) Display8MP Rear Camera | 5MP Front Camera3600 mAh Battery1 Year warranty for mobile and 6 Months for box accessories || 2000 Plus service centre all over India
"Infinix Hot 10S (Heart Of Ocean, 64 GB)","₹9,999",4.3,"6,674 Ratings ", 503 Reviews,4 GB RAM | 64 GB ROM | Expandable Upto 256 GB17.32 cm (6.82 inch) HD+ Display48MP + 2MP + AI Lens Camera | 8MP Front Camera6000 mAh Li-ion Polymer BatteryMediaTek Helio G85 Processor90Hz Refresh Rate1 Year on Handset and 6 Months on Accessories
"Infinix Hot 10S (95° Black, 64 GB)","₹9,999",4.3,"6,674 Ratings ", 503 Reviews,4 GB RAM | 64 GB ROM | Expandable Upto 256 GB17.32 cm (6.82 inch) HD+ Display48MP + 2MP + AI Lens Camera | 8MP Front Camera6000 mAh Li-ion Polymer BatteryMediaTek Helio G85 Processor90Hz Refresh Rate1 Year on Handset and 6 Months on Accessories
"POCO C3 (Arctic Blue, 64 GB)","₹8,499",4.3,"2,05,728 Ratings "," 11,157 Reviews",4 GB RAM | 64 GB ROM | Expandable Upto 512 GB16.59 cm (6.53 inch) HD+ Display13MP + 2MP + 2MP | 5MP Front Camera5000 mAh Li-ion Polymer BatteryMediatek Helio G35 Processor1 Year on Handset and 6 Months on Accessories
I Kall k-80 pen Mobile,"₹2,049",3.7,359 Ratings , 26 Reviews,32 MB RAM | 64 MB ROM2.44 cm (0.96 inch) Display0.3MP Rear Camera600 mAh Battery15 Months Warranty For Mobile and 6 Months for Box Accessories
Nokia 105 SS 2021,"₹1,220",4.2,"62,575 Ratings "," 4,172 Reviews",4 MB RAM | 4 MB ROM4.5 cm (1.77 inch) Quarter QVGA Display800 mAh Lithium Ion BatteryBrand Warranty of 1 Year Available for Mobile
Nokia 105 SS,"₹1,220",4.3,"1,04,340 Ratings "," 8,390 Reviews",4 MB RAM | 4 MB ROM4.5 cm (1.77 inch) Quarter QVGA Display800 mAh Lithium Ion BatteryBrand Warranty of 1 Year Available for Mobile
"OPPO A33 (Moonlight Black, 32 GB)","₹9,990",4.3,"10,937 Ratings ", 605 Reviews,3 GB RAM | 32 GB ROM | Expandable Upto 256 GB16.51 cm (6.5 inch) HD+ Display13MP + 2MP + 2MP | 8MP Front Camera5000 mAh Lithium-ion Polymer BatteryQualcomm Snapdragon 460 Processor90 Hz Punch Hole Display18W Fast ChargingBrand Warranty of 1 Year Available for Mobile Including Battery and 6 Months for Accessories
"I Kall K400 (Black, 64 GB)","₹6,299",3,"1,816 Ratings ", 168 Reviews,4 GB RAM | 64 GB ROM15.24 cm (6 inch) Display8MP Rear Camera2800 mAh BatteryBrand Warranty of 1 Year Available for Mobile and 6 Months for Accessories
"realme 8 (Cyber Silver, 128 GB)","₹15,999",4.3,"21,278 Ratings "," 1,642 Reviews",6 GB RAM | 128 GB ROM | Expandable Upto 256 GB16.26 cm (6.4 inch) Full HD+ Display64MP + 8MP + 2MP + 2MP | 16MP Front Camera5000 mAh BatteryMediaTek Helio G95 ProcessorSuper AMOLED Display1 Year Warranty for Mobile and 6 Months for Accessories
"realme Narzo 20 (Glory Silver, 128 GB)","₹11,499",4.3,"5,25,691 Ratings "," 35,236 Reviews",4 GB RAM | 128 GB ROM | Expandable Upto 256 GB16.56 cm (6.52 inch) HD+ Display48MP + 8MP + 2MP | 8MP Front Camera6000 mAh Lithium-ion BatteryMediaTek Helio G85 ProcessorBrand Warranty of 1 Year Available for Mobile and 6 Months for Accessories
"OPPO A12 (Deep Blue, 64 GB)","₹8,990",4.4,"28,719 Ratings "," 1,121 Reviews",4 GB RAM | 64 GB ROM | Expandable Upto 256 GB15.8 cm (6.22 inch) HD+ Display13MP + 2MP | 5MP Front Camera4230 mAh BatteryMediaTek Helio P35 ProcessorBrand Warranty of 1 Year Available for Mobile Including Battery and 6 Months for Accessories
"I Kall K 320 (Blue, 64 GB)","₹6,799",3.2,"3,001 Ratings ", 225 Reviews,4 GB RAM | 64 GB ROM16.59 cm (6.53 inch) Display13MP + 0MP | 8MP Front Camera3600 mAh Battery1 Year warranty for mobile and 6 Months for box accessories || 2000 Plus service centre all over India
"Infinix Smart 4 Plus (Midnight Black, 32 GB)","₹7,999",4.4,"1,64,647 Ratings "," 13,769 Reviews",3 GB RAM | 32 GB ROM | Expandable Upto 256 GB17.32 cm (6.82 inch) HD+ Display13MP + Depth Sensor | 8MP Front Camera6000 mAh Lithium-ion Polymer BatteryMediatek Helio A25 Processor1 Year on Handset and 6 Months on Accessories
"Infinix Smart 4 Plus (Quetzal Cyan, 32 GB)","₹7,999",4.4,"1,64,647 Ratings "," 13,769 Reviews",3 GB RAM | 32 GB ROM | Expandable Upto 256 GB17.32 cm (6.82 inch) HD+ Display13MP + Depth Sensor | 8MP Front Camera6000 mAh Lithium-ion Polymer BatteryMediatek Helio A25 Processor1 Year on Handset and 6 Months on Accessories
"GIONEE Max Pro (Blue, 32 GB)","₹6,499",3.9,"4,510 Ratings ", 465 Reviews,"3 GB RAM | 32 GB ROM | Expandable Upto 256 GB16.56 cm (6.52 inch) HD+ Display13MP + 2MP | 8MP Front Camera6000 mAh Lithium Polymer BatteryOcta Core ProcessorOne Year for Handset, 6 Months for Accessories"
"REDMI 9 Power (Mighty Black, 128 GB)","₹12,999",4.3,"10,400 Ratings ", 747 Reviews,6 GB RAM | 128 GB ROM16.59 cm (6.53 inch) Full HD+ Display48MP Rear Camera | 8MP Front Camera6000 mAh BatteryQualcomm® Snapdragon™ 662 Processor1 year manufacturer warranty for device and 6 months manufacturer warranty for in-box accessories including batteries from the date of purchase
"POCO M2 Reloaded (Greyish Black, 64 GB)","₹9,499",4.4,"6,777 Ratings ", 440 Reviews,"4 GB RAM | 64 GB ROM | Expandable Upto 512 GB16.59 cm (6.53 inch) Full HD+ Display13MP + 8MP + 5MP + 2MP | 8MP Front Camera5000 mAh Lithium Polymer BatteryMediaTek Helio G80 Processor1 Year for Handset, 6 Months for Accessories"
"MOTOROLA G10 Power (Aurora Grey, 64 GB)","₹9,499",4.1,"22,335 Ratings "," 1,967 Reviews",4 GB RAM | 64 GB ROM16.54 cm (6.51 inch) HD+ Display48MP + 8MP + 2MP + 2MP | 8MP Front Camera6000 mAh BatterySnapdragon 460 ProcessorStock Android Experience | Think Shield Security1 Year on Handset and 6 Months on Accessories
"POCO X3 Pro (Steel Blue, 128 GB)","₹18,999",4.5,"20,900 Ratings "," 1,925 Reviews","6 GB RAM | 128 GB ROM | Expandable Upto 1 TB16.94 cm (6.67 inch) Full HD+ Display48MP + 8MP + 2MP + 2MP | 20MP Front Camera5160 mAh Lithium-ion Polymer BatteryQualcomm Snapdragon 860 ProcessorMultiple Hands-free Voice AssistantsOne Year Warranty for Handset, 6 Months for Accessories"
"MOTOROLA E7 Power (Tahiti Blue, 64 GB)","₹8,299",4.1,"27,372 Ratings "," 2,353 Reviews",4 GB RAM | 64 GB ROM | Expandable Upto 1 TB16.54 cm (6.51 inch) HD+ Display13MP + 2MP | 5MP Front Camera5000 mAh BatteryMediaTek Helio G25 Processor1 Year on Handset and 6 Months on Accessories
"OPPO A33 (Mint Cream, 32 GB)","₹9,990",4.3,"7,771 Ratings ", 516 Reviews,3 GB RAM | 32 GB ROM | Expandable Upto 256 GB16.51 cm (6.5 inch) HD+ Display13MP + 2MP + 2MP | 8MP Front Camera5000 mAh Lithium-ion Polymer BatteryQualcomm Snapdragon 460 Processor90 Hz Punch Hole Display18W Fast ChargingBrand Warranty of 1 Year Available for Mobile Including Battery and 6 Months for Accessories
Nokia TA-1010/105,"₹1,224",4.3,"42,802 Ratings "," 3,515 Reviews",4 MB RAM | 4 MB ROM4.57 cm (1.8 inch) Display800 mAh Battery1 Year Manufacturer Warranty
"POCO M3 (Cool Blue, 128 GB)","₹11,999",4.3,"1,76,091 Ratings "," 13,034 Reviews","6 GB RAM | 128 GB ROM | Expandable Upto 512 GB16.59 cm (6.53 inch) Full HD+ Display48MP + 2MP + 2MP | 8MP Front Camera6000 mAh Lithium-ion Polymer BatteryQualcomm Snapdragon 662 ProcessorOne Year Warranty for Handset, 6 Months for Accessories"
"OPPO A12 (Blue, 64 GB)","₹8,990",4.4,"22,952 Ratings "," 1,045 Reviews",4 GB RAM | 64 GB ROM | Expandable Upto 256 GB15.8 cm (6.22 inch) HD+ Display13MP + 2MP | 5MP Front Camera4230 mAh BatteryMediaTek Helio P35 ProcessorBrand Warranty of 1 Year Available for Mobile Including Battery and 6 Months for Accessories
Nokia TA-1174 / TA-1299,"₹1,378",4.2,"54,332 Ratings "," 4,723 Reviews",4 MB RAM | 4 MB ROM4.57 cm (1.8 inch) Display800 mAh Battery1 Year Manufacturer Warranty
"realme 8 (Cyber Black, 128 GB)","₹15,999",4.4,"13,405 Ratings "," 1,213 Reviews",6 GB RAM | 128 GB ROM | Expandable Upto 256 GB16.26 cm (6.4 inch) Full HD+ Display64MP + 8MP + 2MP + 2MP | 16MP Front Camera5000 mAh BatteryMediaTek Helio G95 ProcessorSuper AMOLED Display1 Year Warranty for Mobile and 6 Months for Accessories
"realme 8 (Cyber Black, 128 GB)","₹16,999",4.4,"9,398 Ratings ", 883 Reviews,8 GB RAM | 128 GB ROM | Expandable Upto 256 GB16.26 cm (6.4 inch) Full HD+ Display64MP + 8MP + 2MP + 2MP | 16MP Front Camera5000 mAh BatteryMediaTek Helio G95 ProcessorSuper AMOLED Display1 Year Warranty for Mobile and 6 Months for Accessories
"Infinix Smart 4 Plus (Violet, 32 GB)","₹7,999",4.4,"1,64,647 Ratings "," 13,769 Reviews",3 GB RAM | 32 GB ROM | Expandable Upto 256 GB17.32 cm (6.82 inch) HD+ Display13MP + Depth Sensor | 8MP Front Camera6000 mAh Lithium-ion Polymer BatteryMediatek Helio A25 Processor1 Year on Handset and 6 Months on Accessories
"OPPO A53 (Moonlight Black, 128 GB)","₹12,990",4.4,"17,106 Ratings ", 926 Reviews,6 GB RAM | 128 GB ROM | Expandable Upto 256 GB16.51 cm (6.5 inch) HD+ Display13MP + 2MP + 2MP | 16MP Front Camera5000 mAh Lithium-ion Polymer BatteryQualcomm Snapdragon 460 ProcessorBrand Warranty of 1 Year Available for Mobile Including Battery and 6 Months for Accessories
Nokia 105 SS 2021,"₹1,220",4.2,"66,389 Ratings "," 4,137 Reviews",4 MB RAM | 4 MB ROM4.5 cm (1.77 inch) Quarter QVGA Display800 mAh Lithium Ion BatteryBrand Warranty of 1 Year Available for Mobile
"Infinix Hot 10 (Amber Red, 64 GB)","₹9,499",4.4,"64,477 Ratings "," 5,163 Reviews",4 GB RAM | 64 GB ROM | Expandable Upto 256 GB17.22 cm (6.78 inch) HD+ Display16MP + 2MP + 2MP + Low Light Sensor | 8MP Front Camera5200 mAh Li-ion Polymer BatteryMediaTek Helio G70 Processor1 Year on Handset and 6 Months on Accessories
"REDMI 9 Power (Fiery Red, 64 GB)","₹10,499",4.3,"65,992 Ratings "," 4,650 Reviews",4 GB RAM | 64 GB ROM16.59 cm (6.53 inch) Full HD+ Display48MP Rear Camera | 8MP Front Camera6000 mAh BatteryQualcomm Snapdragon 662 Processor1 year manufacturer warranty for device and 6 months manufacturer warranty for in-box accessories including batteries from the date of purchase
"POCO M3 (Yellow, 128 GB)","₹11,999",4.3,"1,76,091 Ratings "," 13,034 Reviews","6 GB RAM | 128 GB ROM | Expandable Upto 512 GB16.59 cm (6.53 inch) Full HD+ Display48MP + 2MP + 2MP | 8MP Front Camera6000 mAh Lithium-ion Polymer BatteryQualcomm Snapdragon 662 ProcessorOne Year Warranty for Handset, 6 Months for Accessories"
LAVA GEM,"₹1,577",4.2,"20,897 Ratings "," 1,920 Reviews",512 MB RAM | 512 MB ROM | Expandable Upto 32 GB7.11 cm (2.8 inch) QVGA Display1.3MP Rear Camera1750 mAh BatteryNA Processor1 year manufacturer Replacement for device and 6 months manufacturer warranty for in-box accessories including batteries from the date of purchase
"realme 8 5G (Supersonic Black, 64 GB)","₹13,999",4.3,"12,088 Ratings ", 934 Reviews,4 GB RAM | 64 GB ROM | Expandable Upto 1 TB16.51 cm (6.5 inch) Full HD+ Display48MP + 2MP + 2MP | 16MP Front Camera5000 mAh BatteryMediaTek Dimensity 700 (MT6833) Processor1 Year Warranty for Mobile and 6 Months for Accessories
"realme 8 5G (Supersonic Blue, 64 GB)","₹13,999",4.3,"12,088 Ratings ", 934 Reviews,4 GB RAM | 64 GB ROM | Expandable Upto 1 TB16.51 cm (6.5 inch) Full HD+ Display48MP + 2MP + 2MP | 16MP Front Camera5000 mAh BatteryMediaTek Dimensity 700 (MT6833) Processor1 Year Warranty for Mobile and 6 Months for Accessories
"realme 8 5G (Supersonic Blue, 64 GB)","₹13,999",4.3,"18,913 Ratings "," 1,213 Reviews",4 GB RAM | 64 GB ROM | Expandable Upto 1 TB16.51 cm (6.5 inch) Full HD+ Display48MP + 2MP + 2MP | 16MP Front Camera5000 mAh BatteryMediaTek Dimensity 700 (MT6833) Processor1 Year Warranty for Mobile and 6 Months for Accessories
"realme 8 5G (Supersonic Black, 64 GB)","₹13,999",4.3,"18,913 Ratings "," 1,213 Reviews",4 GB RAM | 64 GB ROM | Expandable Upto 1 TB16.51 cm (6.5 inch) Full HD+ Display48MP + 2MP + 2MP | 16MP Front Camera5000 mAh BatteryMediaTek Dimensity 700 (MT6833) Processor1 Year Warranty for Mobile and 6 Months for Accessories
"OPPO A53s 5G (Ink Black, 128 GB)","₹14,990",4.3,"10,755 Ratings ", 677 Reviews,6 GB RAM | 128 GB ROM | Expandable Upto 1 TB16.56 cm (6.52 inch) HD+ Display13MP + 2MP + 2MP | 8MP Front Camera5000 mAh BatteryMediaTek Dimensity 700 ProcessorDual-Mode 5G | Ultra Clear Eye Care Display | Side Fingerprint UnlockBrand Warranty of 1 Year Available for Mobile Including Battery and 6 Months for Accessories
"I Kall K 320 (Purple, 64 GB)","₹6,799",3.2,"3,001 Ratings ", 225 Reviews,4 GB RAM | 64 GB ROM16.59 cm (6.53 inch) Display13MP + 2MP | 8MP Front Camera3600 mAh Battery1 Year warranty for mobile and 6 Months for box accessories || 2000 Plus service centre all over India
"realme 8 (Cyber Silver, 128 GB)","₹14,999",4.3,"28,216 Ratings "," 2,309 Reviews",4 GB RAM | 128 GB ROM | Expandable Upto 256 GB16.26 cm (6.4 inch) Full HD+ Display64MP + 8MP + 2MP + 2MP | 16MP Front Camera5000 mAh BatteryMediaTek Helio G95 ProcessorSuper AMOLED Display1 Year Warranty for Mobile and 6 Months for Accessories
"realme 8 (Cyber Silver, 128 GB)","₹16,999",4.3,"13,612 Ratings "," 1,052 Reviews",8 GB RAM | 128 GB ROM | Expandable Upto 256 GB16.26 cm (6.4 inch) Full HD+ Display64MP + 8MP + 2MP + 2MP | 16MP Front Camera5000 mAh BatteryMediaTek Helio G95 ProcessorSuper AMOLED Display1 Year Warranty for Mobile and 6 Months for Accessories
"OPPO A53s 5G (Crystal Blue, 128 GB)","₹14,990",4.3,"10,755 Ratings ", 677 Reviews,6 GB RAM | 128 GB ROM | Expandable Upto 1 TB16.56 cm (6.52 inch) HD+ Display13MP + 2MP + 2MP | 8MP Front Camera5000 mAh BatteryMediaTek Dimensity 700 ProcessorDual-Mode 5G | Ultra Clear Eye Care Display | Side Fingerprint UnlockBrand Warranty of 1 Year Available for Mobile Including Battery and 6 Months for Accessories
"I Kall K400 (Blue, 64 GB)","₹6,299",3,"1,816 Ratings ", 168 Reviews,4 GB RAM | 64 GB ROM15.24 cm (6 inch) Display8MP + 5MP | 5MP Dual Front Camera2800 mAh BatteryBrand Warranty of 1 Year Available for Mobile and 6 Months for Accessories
"Infinix Hot 10S (7° Purple, 64 GB)","₹9,999",4.3,"6,674 Ratings ", 503 Reviews,4 GB RAM | 64 GB ROM | Expandable Upto 256 GB17.32 cm (6.82 inch) HD+ Display48MP + 2MP + AI Lens Camera | 8MP Front Camera6000 mAh Li-ion Polymer BatteryMediaTek Helio G85 Processor90Hz Refresh Rate1 Year on Handset and 6 Months on Accessories
"Infinix Hot 10S (Morandi Green, 64 GB)","₹9,999",4.3,"6,674 Ratings ", 503 Reviews,4 GB RAM | 64 GB ROM | Expandable Upto 256 GB17.32 cm (6.82 inch) HD+ Display48MP + 2MP + AI Lens Camera | 8MP Front Camera6000 mAh Li-ion Polymer BatteryMediaTek Helio G85 Processor90Hz Refresh Rate1 Year on Handset and 6 Months on Accessories
"Infinix Hot 10 (Ocean Wave, 64 GB)","₹9,499",4.4,"78,395 Ratings "," 5,366 Reviews",4 GB RAM | 64 GB ROM | Expandable Upto 256 GB17.22 cm (6.78 inch) HD+ Display16MP + 2MP + 2MP + Low Light Sensor | 8MP Front Camera5200 mAh Li-ion Polymer BatteryMediaTek Helio G70 Processor1 Year on Handset and 6 Months on Accessories
"I Kall K260 (Blue, 16 GB)","₹4,699",2.9,"2,540 Ratings ", 201 Reviews,2 GB RAM | 16 GB ROM13.84 cm (5.45 inch) Display8MP Rear Camera | 5MP Front Camera3600 mAh Battery1 Year warranty for mobile and 6 Months for box accessories || 2000 Plus service centre all over India
"Infinix Hot 10 (Obsidian Black, 64 GB)","₹9,499",4.4,"78,395 Ratings "," 5,366 Reviews",4 GB RAM | 64 GB ROM | Expandable Upto 256 GB17.22 cm (6.78 inch) HD+ Display16MP + 2MP + 2MP + Low Light Sensor | 8MP Front Camera5200 mAh Li-ion Polymer BatteryMediaTek Helio G70 Processor1 Year on Handset and 6 Months on Accessories
"Infinix Hot 10 (Moonlight Jade, 64 GB)","₹9,499",4.4,"78,395 Ratings "," 5,366 Reviews",4 GB RAM | 64 GB ROM | Expandable Upto 256 GB17.22 cm (6.78 inch) HD+ Display16MP + 2MP + 2MP + Low Light Sensor | 8MP Front Camera5200 mAh Li-ion Polymer BatteryMediaTek Helio G70 Processor1 Year on Handset and 6 Months on Accessories
"REDMI Note 9 (Pebble Grey, 64 GB)","₹10,999",4.3,"63,619 Ratings "," 4,004 Reviews",4 GB RAM | 64 GB ROM | Expandable Upto 512 GB16.59 cm (6.53 inch) Full HD+ Display48MP + 8MP + 2MP + 2MP | 13MP Front Camera5020 mAh BatteryMediaTek Helio G85 Processor1 Year Manufacturer Warranty for Device and 6 months Manufacturer Warranty for In-box Accessories Including Batteries from the Date of Purchase
I Kall k-80 pen Mobile,"₹2,049",3.7,359 Ratings , 26 Reviews,32 MB RAM | 64 MB ROM2.44 cm (0.96 inch) Display0.3MP Rear Camera600 mAh Battery15 Months Warranty For Mobile and 6 Months for Box Accessories
"realme 8 5G (Supersonic Black, 128 GB)","₹16,999",4.3,"16,073 Ratings "," 1,175 Reviews",8 GB RAM | 128 GB ROM | Expandable Upto 1 TB16.51 cm (6.5 inch) Full HD+ Display48MP + 2MP + 2MP | 16MP Front Camera5000 mAh BatteryMediaTek Dimensity 700 (MT6833) Processor1 Year Warranty for Mobile and 6 Months for Accessories
"realme 8 5G (Supersonic Blue, 128 GB)","₹16,999",4.3,"16,073 Ratings "," 1,175 Reviews",8 GB RAM | 128 GB ROM | Expandable Upto 1 TB16.51 cm (6.5 inch) Full HD+ Display48MP + 2MP + 2MP | 16MP Front Camera5000 mAh BatteryMediaTek Dimensity 700 (MT6833) Processor1 Year Warranty for Mobile and 6 Months for Accessories
"POCO X3 Pro (Graphite Black, 128 GB)","₹18,999",4.5,"28,920 Ratings "," 2,214 Reviews","6 GB RAM | 128 GB ROM | Expandable Upto 1 TB16.94 cm (6.67 inch) Full HD+ Display48MP + 8MP + 2MP + 2MP | 20MP Front Camera5160 mAh Lithium-ion Polymer BatteryQualcomm Snapdragon 860 ProcessorMultiple Hands-free Voice AssistantsOne Year Warranty for Handset, 6 Months for Accessories"
"I Kall K400 (Black, 64 GB)","₹6,299",3,"1,816 Ratings ", 168 Reviews,4 GB RAM | 64 GB ROM15.24 cm (6 inch) Display8MP Rear Camera2800 mAh BatteryBrand Warranty of 1 Year Available for Mobile and 6 Months for Accessories
Nokia 105 SS 2021,"₹1,235",4.2,"62,575 Ratings "," 4,172 Reviews",4 MB RAM | 4 MB ROM4.5 cm (1.77 inch) Quarter QVGA Display800 mAh Lithium Ion BatteryBrand Warranty of 1 Year Available for Mobile
"POCO X3 Pro (Steel Blue, 128 GB)","₹18,999",4.5,"28,920 Ratings "," 2,214 Reviews","6 GB RAM | 128 GB ROM | Expandable Upto 1 TB16.94 cm (6.67 inch) Full HD+ Display48MP + 8MP + 2MP + 2MP | 20MP Front Camera5160 mAh Lithium-ion Polymer BatteryQualcomm Snapdragon 860 ProcessorMultiple Hands-free Voice AssistantsOne Year Warranty for Handset, 6 Months for Accessories"
"SAMSUNG Galaxy F12 (Sky Blue, 64 GB)","₹10,999",4.2,"58,939 Ratings "," 4,068 Reviews",4 GB RAM | 64 GB ROM | Expandable Upto 512 GB16.55 cm (6.515 inch) HD+ Display48MP + 5MP + 2MP + 2MP | 8MP Front Camera6000 mAh Lithium-ion BatteryExynos 850 Processor1 Year Warranty Provided by the Manufacturer from Date of Purchase
"I Kall K 320 (Blue, 64 GB)","₹6,799",3.2,"3,001 Ratings ", 225 Reviews,4 GB RAM | 64 GB ROM16.59 cm (6.53 inch) Display13MP + 0MP | 8MP Front Camera3600 mAh Battery1 Year warranty for mobile and 6 Months for box accessories || 2000 Plus service centre all over India
"REDMI 9 Prime (Matte Black, 64 GB)","₹9,999",4.4,"1,18,232 Ratings "," 7,940 Reviews",4 GB RAM | 64 GB ROM | Expandable Upto 512 GB16.59 cm (6.53 inch) Full HD+ Display13MP Rear Camera | 8MP Front Camera5020 mAh BatteryMediaTek Helio G80 Processor1 Year Manufacturer Warranty
Nokia 105 DS 2020,"₹1,349",4.2,"14,977 Ratings "," 1,105 Reviews",4 MB RAM | 4 MB ROM4.57 cm (1.8 inch) Quarter QVGA Display800 mAh3 Li-ion BatteryBrand Warranty of 1 Year Available for Mobile from Date of Purchase
"realme Narzo 30 Pro 5G (Blade Silver, 64 GB)","₹15,999",4.4,"19,064 Ratings "," 1,682 Reviews",6 GB RAM | 64 GB ROM | Expandable Upto 256 GB16.51 cm (6.5 inch) Full HD+ Display48MP + 8MP + 2MP | 16MP Front Camera5000 mAh BatteryMediaTek Dimensity 800U Processor1 Year Warranty for Mobile and 6 Months for Accessories
"Infinix Smart 5 (Obsidian Black, 32 GB)","₹7,199",4.4,"22,934 Ratings "," 1,756 Reviews",2 GB RAM | 32 GB ROM | Expandable Upto 256 GB17.32 cm (6.82 inch) HD+ Display13MP + Low Light Sensor | 8MP Front Camera6000 mAh Li-ion Polymer BatteryMediaTek Helio G25 Processor1 Year on Handset and 6 Months on Accessories
"Infinix Smart 5 (Aegean Blue, 32 GB)","₹7,199",4.4,"22,934 Ratings "," 1,756 Reviews",2 GB RAM | 32 GB ROM | Expandable Upto 256 GB17.32 cm (6.82 inch) HD+ Display13MP + Low Light Sensor | 8MP Front Camera6000 mAh Li-ion Polymer BatteryMediaTek Helio G25 Processor1 Year on Handset and 6 Months on Accessories
"Infinix Smart 5 (Morandi Green, 32 GB)","₹7,199",4.4,"22,934 Ratings "," 1,756 Reviews",2 GB RAM | 32 GB ROM | Expandable Upto 256 GB17.32 cm (6.82 inch) HD+ Display13MP + Low Light Sensor | 8MP Front Camera6000 mAh Li-ion Polymer BatteryMediaTek Helio G25 Processor1 Year on Handset and 6 Months on Accessories
"Infinix Smart 5 (7° Purple, 32 GB)","₹7,199",4.4,"22,934 Ratings "," 1,756 Reviews",2 GB RAM | 32 GB ROM | Expandable Upto 256 GB17.32 cm (6.82 inch) HD+ Display13MP + Low Light Sensor | 8MP Front Camera6000 mAh Li-ion Polymer BatteryMediaTek Helio G25 Processor1 Year on Handset and 6 Months on Accessories
"realme 8 (Cyber Black, 128 GB)","₹14,999",4.3,"20,592 Ratings "," 2,006 Reviews",4 GB RAM | 128 GB ROM | Expandable Upto 256 GB16.26 cm (6.4 inch) Full HD+ Display64MP + 8MP + 2MP + 2MP | 16MP Front Camera5000 mAh BatteryMediaTek Helio G95 ProcessorSuper AMOLED Display1 Year Warranty for Mobile and 6 Months for Accessories
"MOTOROLA G30 (Dark Pearl, 64 GB)","₹10,999",4.1,"16,904 Ratings "," 1,760 Reviews",4 GB RAM | 64 GB ROM16.54 cm (6.51 inch) HD+ Display64MP + 8MP + 2MP + 2MP | 13MP Front Camera5000 mAh BatterySnapdragon 662 ProcessorStock Android Experience | 90Hz Refresh Rate1 Year on Handset and 6 Months on Accessories
SAMSUNG Guru 1200,"₹1,380",4.3,"1,69,275 Ratings "," 14,256 Reviews",NA ROM3.81 cm (1.5 inch) NA Display800 mAh Battery0 0 0 0 Processor Processor1 Year for Mobile & 6 Months for Accessories
"GIONEE Max (Black, 32 GB)","₹5,999",4.1,"82,737 Ratings "," 7,549 Reviews","2 GB RAM | 32 GB ROM | Expandable Upto 256 GB15.49 cm (6.1 inch) HD+ Display13MP + Digital Camera | 5MP Front Camera5000 mAh Lithium-ion Polymer BatteryOcta Core ProcessorOne Year for Handset, 6 Months for Accessories"
SAMSUNG Guru GT,"₹1,399",4.1,"4,414 Ratings ", 302 Reviews,153 MB RAM | 153 MB ROM3.81 cm (1.5 inch) Display800 mAh Battery0 0 0 0 Processor Processor1 Year Manufacturer Warranty
"REDMI 9 Power (Blazing Blue, 128 GB)","₹12,999",4.3,"10,400 Ratings ", 747 Reviews,6 GB RAM | 128 GB ROM16.59 cm (6.53 inch) Full HD+ Display48MP Rear Camera | 8MP Front Camera6000 mAh BatteryQualcomm® Snapdragon™ 662 Processor1 year manufacturer warranty for device and 6 months manufacturer warranty for in-box accessories including batteries from the date of purchase
"realme C25s (Watery Grey, 128 GB)","₹11,499",4.3,889 Ratings , 56 Reviews,4 GB RAM | 128 GB ROM | Expandable Upto 256 GB16.51 cm (6.5 inch) HD+ Display13MP + 2MP + 2MP | 8MP Front Camera6000 mAh BatteryMediaTek Helio G85 Processor1 Year Warranty for Mobile and 6 Months for Accessories
"realme Narzo 20 (Glory Silver, 64 GB)","₹10,499",4.3,"4,48,247 Ratings "," 34,694 Reviews",4 GB RAM | 64 GB ROM | Expandable Upto 256 GB16.56 cm (6.52 inch) HD+ Display48MP + 8MP + 2MP | 8MP Front Camera6000 mAh Lithium-ion BatteryMediaTek Helio G85 ProcessorBrand Warranty of 1 Year Available for Mobile and 6 Months for Accessories
"MOTOROLA G60 (Dynamic Gray, 128 GB)","₹17,999",4.2,"9,097 Ratings ", 992 Reviews,6 GB RAM | 128 GB ROM17.22 cm (6.78 inch) Full HD+ Display108MP + 8MP + 2MP | 32MP Front Camera6000 mAh BatteryQualcomm Snapdragon 732G Processor120Hz Refresh RateStock Android Experience1 Year on Handset and 6 Months on Accessories
Nokia 110 TA-1302 DS,"₹1,634",4.1,"11,984 Ratings ", 885 Reviews,4 MB RAM | 4 MB ROM | Expandable Upto 32 MB4.5 cm (1.77 inch) QVGA Display1MP Rear Camera800 mAh BatteryBrand Warranty of 1 Year Available for Mobile
"MOTOROLA E7 Power (Coral Red, 64 GB)","₹8,299",4.1,"27,372 Ratings "," 2,353 Reviews",4 GB RAM | 64 GB ROM | Expandable Upto 1 TB16.54 cm (6.51 inch) HD+ Display13MP + 2MP | 5MP Front Camera5000 mAh BatteryMediaTek Helio G25 Processor1 Year on Handset and 6 Months on Accessories
LAVA Hero 600+,₹748,4.1,"1,403 Ratings ", 106 Reviews,4 MB RAM | 3 MB ROM | Expandable Upto 32 GB4.57 cm (1.8 inch) QVGA Display620 mAh Lithium-ion Battery6 Months Warranty for Phone and 6 Months Replacement for Accessories in the Box
"realme Narzo 30 Pro 5G (Sword Black, 64 GB)","₹15,999",4.4,"19,064 Ratings "," 1,682 Reviews",6 GB RAM | 64 GB ROM | Expandable Upto 256 GB16.51 cm (6.5 inch) Full HD+ Display48MP + 8MP + 2MP | 16MP Front Camera5000 mAh BatteryMediaTek Dimensity 800U Processor1 Year Warranty for Mobile and 6 Months for Accessories
LAVA A3,"₹1,073",4.2,"23,227 Ratings "," 2,595 Reviews",4 MB RAM | 3 MB ROM | Expandable Upto 32 GB4.5 cm (1.77 inch) Display0.3MP Rear Camera1750 mAh Battery1 year manufacturer Replacement for device and 6 months manufacturer warranty for in-box accessories including batteries from the date of purchase
"OPPO A53s 5G (Crystal Blue, 128 GB)","₹16,990",4.3,"1,647 Ratings ", 127 Reviews,8 GB RAM | 128 GB ROM | Expandable Upto 1 TB16.56 cm (6.52 inch) HD+ Display13MP + 2MP + 2MP | 8MP Front Camera5000 mAh BatteryMediaTek Dimensity 700 ProcessorDual-Mode 5G | Ultra Clear Eye Care Display | Side Fingerprint UnlockBrand Warranty of 1 Year Available for Mobile Including Battery and 6 Months for Accessories
LAVA Flip,"₹1,752",4.2,"4,674 Ratings ", 506 Reviews,32 MB RAM | 32 MB ROM | Expandable Upto 32 GB6.1 cm (2.4 inch) QVGA Display0.08MP Rear Camera1200 mAh Lithium-ion BatteryMTK6261D Processor1 Year Manufacturer Replacement Guarantee for Phone and 6 Months Replacement for Accessories in the Box
LAVA Flip,"₹1,752",4.2,"4,674 Ratings ", 506 Reviews,32 MB RAM | 32 MB ROM | Expandable Upto 32 GB6.1 cm (2.4 inch) QVGA Display0.08MP Rear Camera1200 mAh Lithium-ion BatteryMTK6261D Processor1 Year Manufacturer Replacement Guarantee for Phone and 6 Months Replacement for Accessories in the Box
LAVA Flip,"₹1,752",4.2,"5,328 Ratings ", 515 Reviews,32 MB RAM | 32 MB ROM | Expandable Upto 32 GB6.1 cm (2.4 inch) QVGA Display0.08MP Rear Camera1200 mAh Lithium-ion BatteryMTK6261D Processor1 Year Manufacturer Replacement Guarantee for Phone and 6 Months Replacement for Accessories in the Box
LAVA Flip,"₹1,752",4.2,"5,328 Ratings ", 515 Reviews,32 MB RAM | 32 MB ROM | Expandable Upto 32 GB6.1 cm (2.4 inch) QVGA Display0.08MP Rear Camera1200 mAh Lithium-ion BatteryMTK6261D Processor1 Year Manufacturer Replacement Guarantee for Phone and 6 Months Replacement for Accessories in the Box
KARBONN K19 Rock,₹890,4,"3,436 Ratings ", 257 Reviews,32 MB RAM | 32 MB ROM | Expandable Upto 16 GB4.57 cm (1.8 inch) Display0.3MP Rear Camera1750 mAh Battery1 Year Manufacturer Warranty on Handset & 6 Months Warranty on Box Accessories
"POCO X3 Pro (Graphite Black, 128 GB)","₹20,999",4.4,"12,489 Ratings "," 1,081 Reviews","8 GB RAM | 128 GB ROM | Expandable Upto 1 TB16.94 cm (6.67 inch) Full HD+ Display48MP + 8MP + 2MP + 2MP | 20MP Front Camera5160 mAh Lithium-ion Polymer BatteryQualcomm Snapdragon 860 ProcessorMultiple Hands-free Voice AssistantsOne Year Warranty for Handset, 6 Months for Accessories"
"Panasonic ELUGA I6 (Black, 16 GB)","₹5,001",3.7,"10,283 Ratings ", 910 Reviews,2 GB RAM | 16 GB ROM | Expandable Upto 256 GB13.84 cm (5.45 inch) FWVGA Display8MP Rear Camera | 5MP Front Camera3000 mAh BatteryMediaTek ProcessorBrand Warranty of 1 Year Available for Mobile and 6 Months for Accessories
LAVA Hero 600+,₹849,4.1,"1,311 Ratings ", 106 Reviews,4 MB RAM | 3 MB ROM | Expandable Upto 32 GB4.57 cm (1.8 inch) QVGA Display620 mAh Lithium-ion Battery6 Months Warranty for Phone and 6 Months Replacement for Accessories in the Box
"SAMSUNG Galaxy F12 (Sea Green, 128 GB)","₹11,999",4.2,"58,939 Ratings "," 4,068 Reviews",4 GB RAM | 128 GB ROM | Expandable Upto 512 GB16.55 cm (6.515 inch) HD+ Display48MP + 5MP + 2MP + 2MP | 8MP Front Camera6000 mAh Lithium-ion BatteryExynos 850 Processor1 Year Warranty Provided by the Manufacturer from Date of Purchase
"realme C25 (Watery Grey, 64 GB)","₹9,999",4.4,"30,327 Ratings "," 1,178 Reviews",4 GB RAM | 64 GB ROM | Expandable Upto 256 GB16.51 cm (6.5 inch) HD+ Display13MP + 2MP + 2MP | 8MP Front Camera6000 mAh BatteryMediaTek Helio G70 Processor1 Year Warranty for Mobile and 6 Months for Accessories
"POCO X3 (Shadow Gray, 128 GB)","₹16,999",4.3,"2,43,126 Ratings "," 20,394 Reviews",6 GB RAM | 128 GB ROM | Expandable Upto 512 GB16.94 cm (6.67 inch) Full HD+ Display64MP + 13MP + 2MP + 2MP | 20MP Front Camera6000 mAh Lithium-ion Polymer BatteryQualcomm Snapdragon 732G Processor1 Year for Handset and 6 Months for Accessories
"realme C11 (Rich Green, 32 GB)","₹7,499",4.4,"5,02,671 Ratings "," 28,811 Reviews",2 GB RAM | 32 GB ROM | Expandable Upto 256 GB16.51 cm (6.5 inch) HD+ Display13MP + 2MP | 5MP Front Camera5000 mAh BatteryMediatek Helio G35 ProcessorBrand Warranty of 1 Year Available for Mobile and 6 Months for Accessories
"realme C11 (Rich Grey, 32 GB)","₹7,499",4.4,"5,02,671 Ratings "," 28,811 Reviews",2 GB RAM | 32 GB ROM | Expandable Upto 256 GB16.51 cm (6.5 inch) HD+ Display13MP + 2MP | 5MP Front Camera5000 mAh BatteryMediatek Helio G35 ProcessorBrand Warranty of 1 Year Available for Mobile and 6 Months for Accessories
"SAMSUNG Galaxy F12 (Sea Green, 64 GB)","₹10,999",4.2,"58,939 Ratings "," 4,068 Reviews",4 GB RAM | 64 GB ROM | Expandable Upto 512 GB16.55 cm (6.515 inch) HD+ Display48MP + 5MP + 2MP + 2MP | 8MP Front Camera6000 mAh Lithium-ion BatteryExynos 850 Processor1 Year Warranty Provided by the Manufacturer from Date of Purchase
"realme C15 (Power Blue, 32 GB)","₹8,999",4.3,"58,293 Ratings "," 3,545 Reviews",3 GB RAM | 32 GB ROM | Expandable Upto 256 GB16.56 cm (6.52 inch) HD+ Display13MP + 8MP + 2MP + 2MP | 8MP Front Camera6000 mAh Lithium-ion BatteryMediatek Helio G35 ProcessorBrand Warranty of 1 Year Available for Mobile and 6 Months for Accessories
"REDMI 9 Power (Electric Green, 128 GB)","₹12,999",4.3,"14,384 Ratings ", 883 Reviews,6 GB RAM | 128 GB ROM16.59 cm (6.53 inch) Full HD+ Display48MP Rear Camera | 8MP Front Camera6000 mAh BatteryQualcomm® Snapdragon™ 662 Processor1 year manufacturer warranty for device and 6 months manufacturer warranty for in-box accessories including batteries from the date of purchase
"REDMI 9i (Sea Blue, 128 GB)","₹9,299",4.3,"3,80,024 Ratings "," 18,656 Reviews",4 GB RAM | 128 GB ROM | Expandable Upto 512 GB16.59 cm (6.53 inch) HD+ Display13MP Rear Camera | 5MP Front Camera5000 mAh Lithium Polymer BatteryMediaTek Helio G25 ProcessorBrand Warranty of 1 Year Available for Mobile and 6 Months for Accessories
"REDMI 9i (Nature Green, 128 GB)","₹9,299",4.3,"3,80,024 Ratings "," 18,656 Reviews",4 GB RAM | 128 GB ROM | Expandable Upto 512 GB16.59 cm (6.53 inch) HD+ Display13MP Rear Camera | 5MP Front Camera5000 mAh Lithium Polymer BatteryMediaTek Helio G25 ProcessorBrand Warranty of 1 Year Available for Mobile and 6 Months for Accessories
"POCO C3 (Lime Green, 32 GB)","₹7,499",4.3,"2,81,992 Ratings "," 17,211 Reviews",3 GB RAM | 32 GB ROM | Expandable Upto 512 GB16.59 cm (6.53 inch) HD+ Display13MP + 2MP + 2MP | 5MP Front Camera5000 mAh Li-ion Polymer BatteryMediatek Helio G35 Processor1 Year on Handset and 6 Months on Accessories
Nokia 150 DS 2020,"₹2,548",4.1,"8,004 Ratings ", 512 Reviews,4 MB RAM | 4 MB ROM | Expandable Upto 32 GB6.1 cm (2.4 inch) Display0.3MP Rear Camera1020 mAh Lithium-ion BatteryMediaTek Processor1 Year Manufacturer Warranty for Device and 6 Months Manufacturer Warranty for In-box Accessories Including Batteries from the Date of Purchase
SAMSUNG Guru 1200,"₹1,370",4.3,"1,85,772 Ratings "," 14,271 Reviews",NA ROM3.81 cm (1.5 inch) NA Display800 mAh Battery0 0 0 0 Processor Processor1 Year for Mobile & 6 Months for Accessories
"POCO M2 Pro (Green and Greener, 64 GB)","₹13,999",4.4,"3,23,864 Ratings "," 27,732 Reviews","6 GB RAM | 64 GB ROM | Expandable Upto 512 GB16.94 cm (6.67 inch) Full HD+ Display48MP + 8MP + 5MP + 2MP | 16MP Front Camera5000 mAh Lithium-ion Polymer BatteryQualcomm Snapdragon 720G Processor1 Year for Handset, 6 Months for Accessories"
"realme C25s (Watery Grey, 64 GB)","₹10,499",4.3,"1,788 Ratings ", 97 Reviews,4 GB RAM | 64 GB ROM | Expandable Upto 256 GB16.51 cm (6.5 inch) HD+ Display13MP + 2MP + 2MP | 8MP Front Camera6000 mAh BatteryMediaTek Helio G85 Processor1 Year Warranty for Mobile and 6 Months for Accessories
"realme C25s (Watery Blue, 128 GB)","₹11,499",4.3,"1,788 Ratings ", 97 Reviews,4 GB RAM | 128 GB ROM | Expandable Upto 256 GB16.51 cm (6.5 inch) HD+ Display13MP + 2MP + 2MP | 8MP Front Camera6000 mAh BatteryMediaTek Helio G85 Processor1 Year Warranty for Mobile and 6 Months for Accessories
"realme C25s (Watery Blue, 64 GB)","₹10,499",4.3,"1,788 Ratings ", 97 Reviews,4 GB RAM | 64 GB ROM | Expandable Upto 256 GB16.51 cm (6.5 inch) HD+ Display13MP + 2MP + 2MP | 8MP Front Camera6000 mAh BatteryMediaTek Helio G85 Processor1 Year Warranty for Mobile and 6 Months for Accessories
Nokia 105,"₹1,215",4.1,"31,089 Ratings "," 2,479 Reviews",32 MB ROM3.56 cm (1.4 inch) Display800 mAh3 Li-Ion Battery1 Year Manufacturer Warranty
"OPPO A53 (Mint Cream, 64 GB)","₹10,990",4.5,"39,516 Ratings "," 1,676 Reviews",4 GB RAM | 64 GB ROM | Expandable Upto 256 GB16.51 cm (6.5 inch) HD+ Display13MP + 2MP + 2MP | 16MP Front Camera5000 mAh Lithium-ion Polymer BatteryQualcomm Snapdragon 460 ProcessorBrand Warranty of 1 Year Available for Mobile Including Battery and 6 Months for Accessories
"MOTOROLA E7 Plus (Misty Blue, 64 GB)","₹8,999",4.2,"49,140 Ratings "," 3,799 Reviews",4 GB RAM | 64 GB ROM | Expandable Upto 512 GB16.51 cm (6.5 inch) HD+ Display48MP + 2MP | 8MP Front Camera5000 mAh BatteryQualcomm Snapdragon 460 ProcessorStock Android Experience1 Year on Handset and 6 Months on Accessories
"SAMSUNG Galaxy F12 (Sky Blue, 128 GB)","₹11,999",4.2,"58,939 Ratings "," 4,068 Reviews",4 GB RAM | 128 GB ROM | Expandable Upto 512 GB16.55 cm (6.515 inch) HD+ Display48MP + 5MP + 2MP + 2MP | 8MP Front Camera6000 mAh Lithium-ion BatteryExynos 850 Processor1 Year Warranty Provided by the Manufacturer from Date of Purchase
"POCO X3 Pro (Steel Blue, 128 GB)","₹20,999",4.4,"12,489 Ratings "," 1,081 Reviews","8 GB RAM | 128 GB ROM | Expandable Upto 1 TB16.94 cm (6.67 inch) Full HD+ Display48MP + 8MP + 2MP + 2MP | 20MP Front Camera5160 mAh Lithium-ion Polymer BatteryQualcomm Snapdragon 860 ProcessorMultiple Hands-free Voice AssistantsOne Year Warranty for Handset, 6 Months for Accessories"
Micromax X512,"₹1,040",3.9,"8,065 Ratings ", 657 Reviews,56 MB RAM | 24 MB ROM4.5 cm (1.77 inch) Display0.3MP Rear Camera1750 mAh Battery1 Year Warranty
Micromax X512,"₹1,020",3.9,"8,065 Ratings ", 657 Reviews,56 MB RAM | 24 MB ROM4.5 cm (1.77 inch) Display0.3MP Rear Camera1750 mAh Battery1 Year Warranty
"MOTOROLA G40 Fusion (Dynamic Gray, 128 GB)","₹16,499",4.3,"5,139 Ratings ", 512 Reviews,6 GB RAM | 128 GB ROM17.22 cm (6.78 inch) Full HD+ Display64MP + 8MP + 2MP | 16MP Front Camera6000 mAh BatteryQualcomm Snapdragon 732G Processor120Hz Refresh RateStock Android Experience1 Year on Handset and 6 Months on Accessories
"ViVO Y20G (Obsidian Black, 64 GB)","₹12,990",4.3,"4,112 Ratings ", 196 Reviews,4 GB RAM | 64 GB ROM | Expandable Upto 1 TB16.54 cm (6.51 inch) HD+ Display13MP + 2MP + 2MP | 8MP Front Camera5000 mAh Li-ion BatteryMediaTek Helio G80 Processor1 Year for Handset and 6 Months for In-box Accessories
"SAMSUNG Galaxy M11 (Metallic Blue, 64 GB)","₹10,499",4.3,"8,460 Ratings ", 573 Reviews,4 GB RAM | 64 GB ROM | Expandable Upto 512 GB16.26 cm (6.4 inch) HD+ Display13MP + 5MP + 2MP | 8MP Front Camera5000 mAh Lithium-ion BatteryQualcomm Snapdragon (SDM450-F01) Octa Core Processor1 Year Manufacturer Warranty for Phone and 6 Months Warranty for in the Box Accessories
"Redmi 9 (Sky Blue, 64 GB)","₹9,199",4.2,"17,912 Ratings ", 888 Reviews,4 GB RAM | 64 GB ROM16.59 cm (6.53 inch) HD+ Display13MP + 2MP | 5MP Front Camera5000 mAh BatteryMediaTek Helio G35 Processor1 year manufacturer warranty for device and 6 months manufacturer warranty for in-box accessories including batteries from the date of purchase
"realme C15 (Power Silver, 32 GB)","₹8,999",4.3,"58,293 Ratings "," 3,545 Reviews",3 GB RAM | 32 GB ROM | Expandable Upto 256 GB16.56 cm (6.52 inch) HD+ Display13MP + 8MP + 2MP + 2MP | 8MP Front Camera6000 mAh Lithium-ion BatteryMediatek Helio G35 ProcessorBrand Warranty of 1 Year Available for Mobile and 6 Months for Accessories
"realme Narzo 30 Pro 5G (Blade Silver, 128 GB)","₹18,999",4.3,"11,735 Ratings ", 934 Reviews,8 GB RAM | 128 GB ROM | Expandable Upto 256 GB16.51 cm (6.5 inch) Full HD+ Display48MP + 8MP + 2MP | 16MP Front Camera5000 mAh BatteryMediaTek Dimensity 800U Processor1 Year Warranty for Mobile and 6 Months for Accessories
LAVA A1,₹988,4.2,"17,663 Ratings "," 1,481 Reviews",4 MB RAM | 24 MB ROM | Expandable Upto 32 GB4.5 cm (1.77 inch) Display0.3MP Rear Camera800 mAh Battery1 Year Replacement Guarantee for Phone and 6 Months Replacement Guarantee for Accessories in Box (T&C apply)
"SAMSUNG Galaxy F02s (Diamond Blue, 32 GB)","₹8,999",4.2,"1,575 Ratings ", 101 Reviews,3 GB RAM | 32 GB ROM | Expandable Upto 1 TB16.55 cm (6.515 inch) HD+ Display13MP + 2MP + 2MP | 5MP Front Camera5000 mAh Lithium-ion BatteryQualcomm Snapdragon 450 (SDM450-F01) Processor1 Year Warranty Provided by the Manufacturer from Date of Purchase
Nokia 5310 TA-1212 DS,"₹3,579",4.2,"4,612 Ratings ", 250 Reviews,8 MB RAM | 16 MB ROM | Expandable Upto 32 GB6.1 cm (2.4 inch) Display0.3MP Rear Camera1200 mAh Lithium-ion BatteryMT6260A Processor1 Year Manufacturer Warranty for Device and 6 Months Manufacturer Warranty for In-box Accessories Including Batteries from the Date of Purchase
LAVA Gem,"₹1,577",4.2,"3,005 Ratings ", 245 Reviews,32 MB RAM | 32 MB ROM | Expandable Upto 32 GB7.11 cm (2.8 inch) QVGA Display1.3MP Rear Camera1750 mAh Battery1 year manufacturer Replacement for device and 6 months manufacturer warranty for in-box accessories including batteries from the date of purchase
"POCO M2 Pro (Two Shades of Black, 64 GB)","₹13,999",4.4,"3,23,864 Ratings "," 27,732 Reviews","6 GB RAM | 64 GB ROM | Expandable Upto 512 GB16.94 cm (6.67 inch) Full HD+ Display48MP + 8MP + 5MP + 2MP | 16MP Front Camera5000 mAh Lithium-ion Polymer BatteryQualcomm Snapdragon 720G Processor1 Year for Handset, 6 Months for Accessories"
"POCO X3 (Cobalt Blue, 128 GB)","₹16,999",4.3,"2,43,126 Ratings "," 20,394 Reviews",6 GB RAM | 128 GB ROM | Expandable Upto 512 GB16.94 cm (6.67 inch) Full HD+ Display64MP + 13MP + 2MP + 2MP | 20MP Front Camera6000 mAh Lithium-ion Polymer BatteryQualcomm Snapdragon 732G Processor1 Year for Handset and 6 Months for Accessories
"GIONEE Max Pro (Black, 32 GB)","₹6,499",3.9,"5,371 Ratings ", 512 Reviews,"3 GB RAM | 32 GB ROM | Expandable Upto 256 GB16.56 cm (6.52 inch) HD+ Display13MP + 2MP | 8MP Front Camera6000 mAh Lithium Polymer BatteryOcta Core ProcessorOne Year for Handset, 6 Months for Accessories"
"Infinix Hot 10S (95° Black, 64 GB)","₹10,999",4.2,"4,356 Ratings ", 397 Reviews,6 GB RAM | 64 GB ROM | Expandable Upto 256 GB17.32 cm (6.82 inch) HD+ Display48MP + 2MP + AI Lens Camera | 8MP Front Camera6000 mAh Li-ion Polymer BatteryMediaTek Helio G85 Processor90Hz Refresh Rate1 Year on Handset and 6 Months on Accessories
Nokia 216 DS 2020,"₹2,450",4.2,"50,824 Ratings "," 4,825 Reviews",16 MB RAM | NA ROM | Expandable Upto 32 GB6.1 cm (2.4 inch) QVGA Display0.3MP Rear Camera | 0.3MP Front Camera1020 mAh Battery0 0 0 0 Processor Processor1 Year Manufacturer Warranty
Nokia 150 TA-1235 DS,"₹2,483",4.1,"5,344 Ratings ", 365 Reviews,4 MB RAM | 4 MB ROM | Expandable Upto 32 GB6.1 cm (2.4 inch) Display0.3MP Rear Camera1020 mAh Lithium-ion BatteryMediaTek Processor1 Year Manufacturer Warranty for Device and 6 Months Manufacturer Warranty for In-box Accessories Including Batteries from the Date of Purchase
Micromax X816,"₹1,432",4.2,588 Ratings , 43 Reviews,32 MB RAM | 32 MB ROM7.11 cm (2.8 inch) Display0.3MP Rear Camera1750 mAh Battery1 YEAR WARRANTY
"OPPO A53s 5G (Ink Black, 128 GB)","₹16,990",4.3,"2,024 Ratings ", 139 Reviews,8 GB RAM | 128 GB ROM | Expandable Upto 1 TB16.56 cm (6.52 inch) HD+ Display13MP + 2MP + 2MP | 8MP Front Camera5000 mAh BatteryMediaTek Dimensity 700 ProcessorDual-Mode 5G | Ultra Clear Eye Care Display | Side Fingerprint UnlockBrand Warranty of 1 Year Available for Mobile Including Battery and 6 Months for Accessories
Nokia 150 TA-1235 DS,"₹2,483",4.1,"5,619 Ratings ", 363 Reviews,4 MB RAM | 4 MB ROM | Expandable Upto 32 GB6.1 cm (2.4 inch) Display0.3MP Rear Camera1020 mAh Lithium-ion BatteryMediaTek Processor1 Year Manufacturer Warranty for Device and 6 Months Manufacturer Warranty for In-box Accessories Including Batteries from the Date of Purchase
Micromax X816,"₹1,432",4.2,588 Ratings , 43 Reviews,32 MB RAM | 32 MB ROM7.11 cm (2.8 inch) Display0.3MP Rear Camera1750 mAh Battery1 YEAR WARRANTY
"SAMSUNG Galaxy M31 (Ocean Blue, 128 GB)","₹18,379",4.3,"1,283 Ratings ", 67 Reviews,8 GB RAM | 128 GB ROM | Expandable Upto 512 GB16.26 cm (6.4 inch) Full HD+ Display64MP + 8MP + 5MP + 5MP | 32MP Front Camera6000 mAh BatterySamsung Exynos 9 Octa 9611 Processor1 year
Nokia 110 TA-1302 DS,"₹1,667",4.1,"11,984 Ratings ", 885 Reviews,4 MB RAM | 4 MB ROM | Expandable Upto 32 MB4.5 cm (1.77 inch) QVGA Display1MP Rear Camera800 mAh BatteryBrand Warranty of 1 Year Available for Mobile
"Infinix Note 10 (Emerald Green, 128 GB)","₹11,999",4.3,"2,298 Ratings ", 218 Reviews,6 GB RAM | 128 GB ROM | Expandable Upto 256 GB17.65 cm (6.95 inch) Full HD+ Display48MP + 2MP + 2MP | 16MP Front Camera5000 mAh Li-ion Polymer BatteryMediaTek Helio G85 Processor18 W Charger1 Year on Handset and 6 Months on Accessories
"Infinix Note 10 (95° Black, 128 GB)","₹11,999",4.3,"2,298 Ratings ", 218 Reviews,6 GB RAM | 128 GB ROM | Expandable Upto 256 GB17.65 cm (6.95 inch) Full HD+ Display48MP + 2MP + 2MP | 16MP Front Camera5000 mAh Li-ion Polymer BatteryMediaTek Helio G85 Processor18 W Charger1 Year on Handset and 6 Months on Accessories
"ViVO Y20G (Purist Blue, 64 GB)","₹12,990",4.3,"2,961 Ratings ", 168 Reviews,4 GB RAM | 64 GB ROM | Expandable Upto 1 TB16.54 cm (6.51 inch) HD+ Display13MP + 2MP + 2MP | 8MP Front Camera5000 mAh Li-ion BatteryMediaTek Helio G80 Processor1 Year for Handset and 6 Months for In-box Accessories
"Infinix Note 10 (7° Purple, 128 GB)","₹11,999",4.3,"2,298 Ratings ", 218 Reviews,6 GB RAM | 128 GB ROM | Expandable Upto 256 GB17.65 cm (6.95 inch) Full HD+ Display48MP + 2MP + 2MP | 16MP Front Camera5000 mAh Li-ion Polymer BatteryMediaTek Helio G85 Processor18 W Charger1 Year on Handset and 6 Months on Accessories
"GIONEE F8 Neo (Blue, 32 GB)","₹5,588",3.9,"1,179 Ratings ", 76 Reviews,2 GB RAM | 32 GB ROM | Expandable Upto 256 GB13.84 cm (5.45 inch) HD+ Display8MP Rear Camera | 5MP Front Camera3000 mAh BatteryUnisoc SC9863 Processor1 Year Brand Warranty
"Itel Vision1 (Gradation Green, 32 GB)","₹6,549",4.1,"20,940 Ratings "," 1,810 Reviews",3 GB RAM | 32 GB ROM | Expandable Upto 128 GB15.46 cm (6.088 inch) HD+ Display8MP + 0.3MP | 5MP Front Camera4000 mAh Lithium-ion Polymer BatteryUnisoc SC9863A Octa Core Processor1 Year on Handset with 100 Days Replacement
"MOTOROLA G40 Fusion (Dynamic Gray, 64 GB)","₹14,499",4.3,"2,712 Ratings ", 364 Reviews,4 GB RAM | 64 GB ROM17.22 cm (6.78 inch) Full HD+ Display64MP + 8MP + 2MP | 16MP Front Camera6000 mAh BatteryQualcomm Snapdragon 732G Processor120Hz Refresh RateStock Android Experience1 Year on Handset and 6 Months on Accessories
"ViVO Y12s (Phantom Black, 32 GB)","₹10,490",4.3,"5,085 Ratings ", 276 Reviews,3 GB RAM | 32 GB ROM | Expandable Upto 256 GB16.54 cm (6.51 inch) HD+ Display13MP + 2MP | 8MP Front Camera5000 mAh Li-ion BatterySnapdragon 439 Processor1 Year for Handset and 6 Months for In-box Accessories
"REDMI 9 Power (Blazing Blue, 128 GB)","₹11,999",4.3,"65,992 Ratings "," 4,650 Reviews",4 GB RAM | 128 GB ROM16.59 cm (6.53 inch) Full HD+ Display48MP Rear Camera | 8MP Front Camera6000 mAh BatteryQualcomm Snapdragon 662 Processor1 year manufacturer warranty for device and 6 months manufacturer warranty for in-box accessories including batteries from the date of purchase
"Itel A25 Pro (Gradation Blue, 32 GB)","₹4,999",4.1,847 Ratings , 59 Reviews,2 GB RAM | 32 GB ROM | Expandable Upto 32 GB12.7 cm (5 inch) HD Display5MP Rear Camera | 2MP Front Camera3020 mAh Lithium-ion BatteryUnisoc 9832E Quad Core Processor100 Days Replacement within 1 Year Warranty on Mobile Device and 6 Months on Accessories
"Itel A25 Pro (Gradation Purple, 32 GB)","₹4,999",4.1,847 Ratings , 59 Reviews,2 GB RAM | 32 GB ROM | Expandable Upto 32 GB12.7 cm (5 inch) HD Display5MP Rear Camera | 2MP Front Camera3020 mAh Lithium-ion BatteryUnisoc 9832E Quad Core Processor100 Days Replacement within 1 Year Warranty on Mobile Device and 6 Months on Accessories
"Infinix Hot 10 (Moonlight Jade, 128 GB)","₹10,999",4.3,"80,519 Ratings "," 7,590 Reviews",6 GB RAM | 128 GB ROM | Expandable Upto 256 GB17.22 cm (6.78 inch) HD+ Display16MP + 2MP + 2MP + Low Light Sensor | 8MP Front Camera5200 mAh Li-ion Polymer BatteryMediaTek Helio G70 Processor1 Year on Handset and 6 Months on Accessories
"Infinix Hot 10S (Morandi Green, 64 GB)","₹10,999",4.3,"2,794 Ratings ", 306 Reviews,6 GB RAM | 64 GB ROM | Expandable Upto 256 GB17.32 cm (6.82 inch) HD+ Display48MP + 2MP + AI Lens Camera | 8MP Front Camera6000 mAh Li-ion Polymer BatteryMediaTek Helio G85 Processor90Hz Refresh Rate1 Year on Handset and 6 Months on Accessories
"Infinix Hot 10 (Ocean Wave, 128 GB)","₹10,999",4.3,"80,519 Ratings "," 7,590 Reviews",6 GB RAM | 128 GB ROM | Expandable Upto 256 GB17.22 cm (6.78 inch) HD+ Display16MP + 2MP + 2MP + Low Light Sensor | 8MP Front Camera5200 mAh Li-ion Polymer BatteryMediaTek Helio G70 Processor1 Year on Handset and 6 Months on Accessories
"POCO M3 Pro 5G (Cool Blue, 64 GB)","₹13,999",4.5,578 Ratings , 29 Reviews,"4 GB RAM | 64 GB ROM | Expandable Upto 1 TB16.51 cm (6.5 inch) Full HD+ Display48MP + 2MP + 2MP | 8MP Front Camera5000 mAh Lithium-ion Polymer BatteryMediaTek Dimensity 700 ProcessorOne Year Warranty for Handset, 6 Months for Accessories"
"ViVO Y30 (Emerald Black, 128 GB)","₹13,990",4.3,"11,542 Ratings ", 712 Reviews,4 GB RAM | 128 GB ROM | Expandable Upto 256 GB16.43 cm (6.47 inch) HD+ Display13MP + 8MP + 2MP + 2MP | 8MP Front Camera5000 mAh Lithium-ion BatteryMediaTek Helio P35 Processor1 Year for Device and 6 Months for In-box Accessories
"ViVO Y11 (Mineral Blue, 32 GB)","₹9,490",4.4,"21,901 Ratings "," 1,229 Reviews",3 GB RAM | 32 GB ROM16.13 cm (6.35 inch) HD+ Display13MP + 2MP | 8MP Front Camera5000 mAh BatterySDM439 ProcessorBrand Warranty of 1 Year Available for Mobile and 6 Months for Accessories
"ViVO Y11 (Agate Red, 32 GB)","₹9,490",4.4,"21,901 Ratings "," 1,229 Reviews",3 GB RAM | 32 GB ROM16.13 cm (6.35 inch) HD+ Display13MP + 2MP | 8MP Front Camera5000 mAh BatterySDM439 ProcessorBrand Warranty of 1 Year Available for Mobile and 6 Months for Accessories
"POCO C3 (Lime Green, 64 GB)","₹8,499",4.3,"1,84,414 Ratings "," 10,962 Reviews",4 GB RAM | 64 GB ROM | Expandable Upto 512 GB16.59 cm (6.53 inch) HD+ Display13MP + 2MP + 2MP | 5MP Front Camera5000 mAh Li-ion Polymer BatteryMediatek Helio G35 Processor1 Year on Handset and 6 Months on Accessories
"Itel A25 Pro (Gradation Green, 32 GB)","₹4,999",4.1,847 Ratings , 59 Reviews,2 GB RAM | 32 GB ROM | Expandable Upto 32 GB12.7 cm (5 inch) HD Display5MP Rear Camera | 2MP Front Camera3020 mAh Lithium-ion BatteryUnisoc 9832E Quad Core Processor100 Days Replacement within 1 Year Warranty on Mobile Device and 6 Months on Accessories
"REDMI 9 Power (Mighty Black, 128 GB)","₹11,999",4.3,"65,992 Ratings "," 4,650 Reviews",4 GB RAM | 128 GB ROM16.59 cm (6.53 inch) Full HD+ Display48MP Rear Camera | 8MP Front Camera6000 mAh BatteryQualcomm Snapdragon 662 Processor1 year manufacturer warranty for device and 6 months manufacturer warranty for in-box accessories including batteries from the date of purchase
"realme 8 Pro (Illuminating Yellow, 128 GB)","₹19,999",4.3,"10,171 Ratings ", 846 Reviews,8 GB RAM | 128 GB ROM | Expandable Upto 256 GB16.26 cm (6.4 inch) Full HD+ Display108MP + 8MP + 2MP + 2MP | 16MP Front Camera4500 mAh BatteryQualcomm Snapdragon 720G ProcessorSuper AMOLED Display1 Year Warranty for Mobile and 6 Months for Accessories
"realme 8 Pro (Infinite Black, 128 GB)","₹19,999",4.3,"10,171 Ratings ", 846 Reviews,8 GB RAM | 128 GB ROM | Expandable Upto 256 GB16.26 cm (6.4 inch) Full HD+ Display108MP + 8MP + 2MP + 2MP | 16MP Front Camera4500 mAh BatteryQualcomm Snapdragon 720G ProcessorSuper AMOLED Display1 Year Warranty for Mobile and 6 Months for Accessories
"ViVO Y20G (Obsidian Black, 128 GB)","₹14,990",4.4,"2,348 Ratings ", 139 Reviews,6 GB RAM | 128 GB ROM | Expandable Upto 1 TB16.54 cm (6.51 inch) HD+ Display13MP + 2MP + 2MP | 8MP Front Camera5000 mAh Li-ion BatteryMediaTek Helio G80 Processor1 Year for Handset and 6 Months for In-box Accessories
"REDMI 9 Power (Electric Green, 128 GB)","₹11,999",4.3,"65,992 Ratings "," 4,650 Reviews",4 GB RAM | 128 GB ROM16.59 cm (6.53 inch) Full HD+ Display48MP Rear Camera | 8MP Front Camera6000 mAh BatteryQualcomm Snapdragon 662 Processor1 year manufacturer warranty for device and 6 months manufacturer warranty for in-box accessories including batteries from the date of purchase
BlackZone EVEREST,₹729,3.9,662 Ratings , 46 Reviews,64 MB RAM | 64 MB ROM4.57 cm (1.8 inch) Display0.3MP Rear Camera1000 mAh Battery1 Year Manufacturer Warranty for Device
BlackZone EVEREST,₹729,3.9,662 Ratings , 46 Reviews,64 MB RAM | 64 MB ROM4.57 cm (1.8 inch) Display0.3MP Rear Camera1000 mAh Battery1 Year Manufacturer Warranty for Device
"realme X7 5G (Space Silver, 128 GB)","₹19,999",4.3,"37,356 Ratings "," 3,572 Reviews",6 GB RAM | 128 GB ROM16.33 cm (6.43 inch) Full HD+ Display64MP + 8MP + 2MP | 16MP Front Camera4310 mAh BatteryMediaTek Dimensity 800U ProcessorSuper AMOLED Display50W Fast Charging | Lightweight (176 g) and SlimBrand Warranty of 1 Year Available for Mobile and 6 Months for Accessories
"realme X7 5G (Nebula, 128 GB)","₹19,999",4.3,"37,356 Ratings "," 3,572 Reviews",6 GB RAM | 128 GB ROM16.33 cm (6.43 inch) Full HD+ Display64MP + 8MP + 2MP | 16MP Front Camera4310 mAh BatteryMediaTek Dimensity 800U ProcessorSuper AMOLED Display50W Fast Charging | Lightweight (176 g) and SlimBrand Warranty of 1 Year Available for Mobile and 6 Months for Accessories
"ViVO Y51A (Crystal Symphony, 128 GB)","₹17,990",4.3,"4,854 Ratings ", 322 Reviews,8 GB RAM | 128 GB ROM | Expandable Upto 1 TB16.71 cm (6.58 inch) Full HD+ Display48MP + 8MP + 2MP | 16MP Front Camera5000 mAh Li-ion BatteryQualcomm Snapdragon 662 Processor1 Year for Handset and 6 Months for In-box Accessories
"ViVO Y51A (Titanium Sapphire, 128 GB)","₹17,990",4.3,"4,854 Ratings ", 322 Reviews,8 GB RAM | 128 GB ROM | Expandable Upto 1 TB16.71 cm (6.58 inch) Full HD+ Display48MP + 8MP + 2MP | 16MP Front Camera5000 mAh Li-ion BatteryQualcomm Snapdragon 662 Processor1 Year for Handset and 6 Months for In-box Accessories
SAMSUNG Guru FM Plus,"₹1,662",4.2,"28,745 Ratings "," 2,105 Reviews",NA ROM3.81 cm (1.5 inch) VGA Display800 mAh Battery1 Year Manufacturer Warranty
Nokia 105 DS 2020,"₹1,385",4.2,"14,977 Ratings "," 1,105 Reviews",4 MB RAM | 4 MB ROM4.57 cm (1.8 inch) Quarter QVGA Display800 mAh3 Li-ion BatteryBrand Warranty of 1 Year Available for Mobile from Date of Purchase
"APPLE iPhone 11 (Black, 64 GB)","₹49,999",4.6,"64,128 Ratings "," 4,892 Reviews",64 GB ROM15.49 cm (6.1 inch) Liquid Retina HD Display12MP + 12MP | 12MP Front CameraA13 Bionic Chip ProcessorBrand Warranty of 1 Year
"realme Narzo 30 Pro 5G (Sword Black, 128 GB)","₹18,999",4.3,"9,133 Ratings ", 848 Reviews,8 GB RAM | 128 GB ROM | Expandable Upto 256 GB16.51 cm (6.5 inch) Full HD+ Display48MP + 8MP + 2MP | 16MP Front Camera5000 mAh BatteryMediaTek Dimensity 800U Processor1 Year Warranty for Mobile and 6 Months for Accessories
"REDMI Note 10S (Deep Sea Blue, 128 GB)","₹17,645",4.2,202 Ratings , 8 Reviews,6 GB RAM | 128 GB ROM16.33 cm (6.43 inch) Full HD+ Display64MP + 8MP + 2MP + 2MP | 13MP Front Camera5000 mAh BatteryMediaTek Helio G95 Processor1 Year Manufacturer Warranty for Device and 6 Months Manufacturer Warranty for In-box Accessories
"POCO M2 Pro (Green and Greener, 64 GB)","₹13,999",4.4,"2,77,925 Ratings "," 27,509 Reviews","6 GB RAM | 64 GB ROM | Expandable Upto 512 GB16.94 cm (6.67 inch) Full HD+ Display48MP + 8MP + 5MP + 2MP | 16MP Front Camera5000 mAh Lithium-ion Polymer BatteryQualcomm Snapdragon 720G Processor1 Year for Handset, 6 Months for Accessories"
"Infinix Note 10 (95° Black, 64 GB)","₹10,999",4.4,905 Ratings , 82 Reviews,4 GB RAM | 64 GB ROM | Expandable Upto 256 GB17.65 cm (6.95 inch) Full HD+ Display48MP + 2MP + 2MP | 16MP Front Camera5000 mAh Li-ion Polymer BatteryMediaTek Helio G85 Processor18 W Charger1 Year on Handset and 6 Months on Accessories
"ViVO V2033 / V2069 (Glacier Blue, 32 GB)","₹10,490",4.3,"2,627 Ratings ", 167 Reviews,3 GB RAM | 32 GB ROM | Expandable Upto 256 GB16.54 cm (6.51 inch) HD+ Display13MP + 2MP | 8MP Front Camera5000 mAh Li-ion BatterySnapdragon 439 Processor1 Year for Handset and 6 Months for In-box Accessories
"POCO M2 (Pitch Black, 64 GB)","₹10,499",4.3,"3,97,132 Ratings "," 28,365 Reviews","6 GB RAM | 64 GB ROM | Expandable Upto 512 GB16.59 cm (6.53 inch) Full HD+ Display13MP + 8MP + 5MP + 2MP | 8MP Front Camera5000 mAh Lithium Polymer BatteryMediaTek Helio G80 Processor1 Year for Handset, 6 Months for Accessories"
"Tecno Spark 6 Go (Aqua Blue, 64 GB)","₹8,699",4.3,"5,529 Ratings ", 232 Reviews,"4 GB RAM | 64 GB ROM | Expandable Upto 512 GB16.56 cm (6.52 inch) HD+ Display13MP + AI Lens Dual AI Camera | 8MP Front Camera5000 mAh Li-ion BatteryMediaTek Helio A25 Processor12 Months, 1 Time Screen Replacement for 100 Days"
"Tecno Spark 6 Go (Mystery White, 64 GB)","₹8,699",4.3,"5,529 Ratings ", 232 Reviews,"4 GB RAM | 64 GB ROM | Expandable Upto 512 GB16.56 cm (6.52 inch) HD+ Display13MP + AI Lens Dual AI Camera | 8MP Front Camera5000 mAh Li-ion BatteryMediaTek Helio A25 Processor12 Months, 1 Time Screen Replacement for 100 Days"
"ViVO Y31 (Ocean Blue, 128 GB)","₹16,490",4.4,"4,886 Ratings ", 334 Reviews,6 GB RAM | 128 GB ROM | Expandable Upto 1 TB16.71 cm (6.58 inch) Full HD+ Display48MP + 2MP + 2MP | 16MP Front Camera5000 mAh Li-ion BatteryQualcomm Snapdragon 662 Processor1 Year for Handset and 6 Months for In-box Accessories
"ViVO Y31 (Racing Black, 128 GB)","₹16,490",4.4,"4,886 Ratings ", 334 Reviews,6 GB RAM | 128 GB ROM | Expandable Upto 1 TB16.71 cm (6.58 inch) Full HD+ Display48MP + 2MP + 2MP | 16MP Front Camera5000 mAh Li-ion BatteryQualcomm Snapdragon 662 Processor1 Year for Handset and 6 Months for In-box Accessories
"Infinix Hot 10S (Heart Of Ocean, 64 GB)","₹10,999",4.3,"2,794 Ratings ", 306 Reviews,6 GB RAM | 64 GB ROM | Expandable Upto 256 GB17.32 cm (6.82 inch) HD+ Display48MP + 2MP + AI Lens Camera | 8MP Front Camera6000 mAh Li-ion Polymer BatteryMediaTek Helio G85 Processor90Hz Refresh Rate1 Year on Handset and 6 Months on Accessories
"realme 8 Pro (Infinite Blue, 128 GB)","₹19,999",4.3,"10,171 Ratings ", 846 Reviews,8 GB RAM | 128 GB ROM | Expandable Upto 256 GB16.26 cm (6.4 inch) Full HD+ Display108MP + 8MP + 2MP + 2MP | 16MP Front Camera4500 mAh BatteryQualcomm Snapdragon 720G ProcessorSuper AMOLED Display1 Year Warranty for Mobile and 6 Months for Accessories
"realme 8 Pro (Infinite Black, 128 GB)","₹17,999",4.3,"26,716 Ratings "," 2,481 Reviews",6 GB RAM | 128 GB ROM | Expandable Upto 256 GB16.26 cm (6.4 inch) Full HD+ Display108MP + 8MP + 2MP + 2MP | 16MP Front Camera4500 mAh BatteryQualcomm Snapdragon 720G ProcessorSuper AMOLED Display1 Year Warranty for Mobile and 6 Months for Accessories
Nokia 105 DS 2020,"₹1,352",4.2,"14,977 Ratings "," 1,105 Reviews",4 MB RAM | 4 MB ROM4.57 cm (1.8 inch) Quarter QVGA Display800 mAh3 Li-ion BatteryBrand Warranty of 1 Year Available for Mobile from Date of Purchase
"Tecno Spark Go 2020 (Mystery White, 32 GB)","₹6,999",4.4,"44,694 Ratings "," 4,000 Reviews",2 GB RAM | 32 GB ROM | Expandable Upto 256 GB16.56 cm (6.52 inch) HD+ Display13MP + AI Lens Dual Camera | 8MP Front Camera5000 mAh Lithium-ion BatteryMediaTek Helio A20 Quad Core Processor12 Months Warranty + 1 Month Extended Warranty
"SAMSUNG Galaxy F02s (Diamond Blue, 64 GB)","₹9,999",4.2,969 Ratings , 68 Reviews,4 GB RAM | 64 GB ROM | Expandable Upto 1 TB16.55 cm (6.515 inch) HD+ Display13MP + 2MP + 2MP | 5MP Front Camera5000 mAh Lithium-ion BatteryQualcomm Snapdragon 450 (SDM450-F01) Processor1 Year Warranty Provided by the Manufacturer from Date of Purchase
"OPPO F19 (Space Silver, 128 GB)","₹17,990",4.2,963 Ratings , 62 Reviews,6 GB RAM | 128 GB ROM | Expandable Upto 256 GB16.33 cm (6.43 inch) Full HD+ Display48MP + 2MP + 2MP | 16MP Front Camera5000 mAh BatteryQualcomm Snapdragon 662 ProcessorBrand Warranty of 1 Year Available for Mobile Including Battery and 6 Months for Accessories
"realme X7 5G (Nebula, 128 GB)","₹21,999",4.3,"9,459 Ratings ", 815 Reviews,8 GB RAM | 128 GB ROM16.33 cm (6.43 inch) Full HD+ Display64MP + 8MP + 2MP | 16MP Front Camera4310 mAh BatteryMediaTek Dimensity 800U ProcessorSuper AMOLED Display50W Fast Charging | Lightweight (176 g) and SlimBrand Warranty of 1 Year Available for Mobile and 6 Months for Accessories
"Redmi 9 (Carbon Black, 64 GB)","₹9,236",4.2,"14,741 Ratings ", 842 Reviews,4 GB RAM | 64 GB ROM16.59 cm (6.53 inch) HD+ Display13MP + 2MP | 5MP Front Camera5000 mAh BatteryMediaTek Helio G35 Processor1 year manufacturer warranty for device and 6 months manufacturer warranty for in-box accessories including batteries from the date of purchase
"GIONEE F8 Neo (Red, 32 GB)","₹5,499",3.9,"1,179 Ratings ", 76 Reviews,2 GB RAM | 32 GB ROM | Expandable Upto 256 GB13.84 cm (5.45 inch) HD+ Display8MP Rear Camera | 5MP Front Camera3000 mAh BatteryUnisoc SC9863 Processor1 Year Brand Warranty
"POCO C3 (Matte Black, 64 GB)","₹8,499",4.3,"1,84,414 Ratings "," 10,962 Reviews",4 GB RAM | 64 GB ROM | Expandable Upto 512 GB16.59 cm (6.53 inch) HD+ Display13MP + 2MP + 2MP | 5MP Front Camera5000 mAh Li-ion Polymer BatteryMediatek Helio G35 Processor1 Year on Handset and 6 Months on Accessories
"Tecno Spark Go 2020 (Aqua Blue, 32 GB)","₹6,999",4.4,"44,694 Ratings "," 4,000 Reviews",2 GB RAM | 32 GB ROM | Expandable Upto 256 GB16.56 cm (6.52 inch) HD+ Display13MP + AI Lens Dual Camera | 8MP Front Camera5000 mAh Lithium-ion BatteryMediaTek Helio A20 Quad Core Processor12 Months Warranty + 1 Month Extended Warranty
"REDMI 9 Power (Fiery Red, 128 GB)","₹11,999",4.3,"65,992 Ratings "," 4,650 Reviews",4 GB RAM | 128 GB ROM16.59 cm (6.53 inch) Full HD+ Display48MP Rear Camera | 8MP Front Camera6000 mAh BatteryQualcomm Snapdragon 662 Processor1 year manufacturer warranty for device and 6 months manufacturer warranty for in-box accessories including batteries from the date of purchase
BlackZone B310,₹729,3.9,"2,320 Ratings ", 156 Reviews,10 MB RAM | 10 MB ROM | Expandable Upto 32 GB4.57 cm (1.8 inch) Display0.3MP Rear Camera1000 mAh Battery12 Months Warranty
BlackZone B310,₹729,3.9,"2,320 Ratings ", 156 Reviews,10 MB RAM | 10 MB ROM | Expandable Upto 32 GB4.57 cm (1.8 inch) Display0.3MP Rear Camera1000 mAh Battery12 Months Warranty
"OPPO A53 (Fancy Blue, 64 GB)","₹13,990",4.5,"35,342 Ratings "," 1,664 Reviews",4 GB RAM | 64 GB ROM | Expandable Upto 256 GB16.51 cm (6.5 inch) HD+ Display13MP + 2MP + 2MP | 16MP Front Camera5000 mAh Lithium-ion Polymer BatteryQualcomm Snapdragon 460 ProcessorBrand Warranty of 1 Year Available for Mobile Including Battery and 6 Months for Accessories
SAMSUNG Metro 313 Dual Sim,"₹2,340",4.3,"14,771 Ratings "," 1,092 Reviews",10 MB RAM | 2 MB ROM | Expandable Upto 16 GB5.08 cm (2 inch) QVGA Display0.3MP Rear Camera1000 mAh Battery0 0 0 0 Processor Processor1 Year Manufacturer Warranty
Itel IT2163,₹835,4,"5,106 Ratings ", 383 Reviews,4 MB RAM | 4 MB ROM | Expandable Upto 32 GB4.57 cm (1.8 inch) Display1000 mAh Lithium-ion BatterySC6531E Processor1 Year Manufacturer Warranty for Device and 6 Months Manufacturer Warranty for In-box Accessories Including Batteries from the Date of Purchase
"Panasonic Eluga I7 (Black, 16 GB)","₹5,299",3.7,"8,360 Ratings ", 854 Reviews,2 GB RAM | 16 GB ROM | Expandable Upto 256 GB13.87 cm (5.46 inch) HD+ Display8MP Rear Camera | 8MP Front Camera4000 mAh Lithium-ion BatteryMediaTek Quad Core Processor1 Year Manufacturer Warranty for Device and 6 Months Manufacturer Warranty for In-box Accessories Including Batteries from the Date of Purchase
"Redmi 9A (Midnight Black, 32 GB)","₹8,179",4.3,"5,880 Ratings ", 369 Reviews,3 GB RAM | 32 GB ROM | Expandable Upto 512 GB16.59 cm (6.53 inch) HD+ Display13MP Rear Camera | 5MP Front Camera5000 mAh BatteryMediaTek Helio G25 Processor1 year manufacturer warranty for device and 6 months manufacturer warranty for in-box accessories including batteries from the date of purchase
"Redmi 9A (Midnight Black, 32 GB)","₹7,222",4.3,"8,700 Ratings ", 493 Reviews,2 GB RAM | 32 GB ROM16.59 cm (6.53 inch) Full HD+ Display13MP Rear Camera5000 mAh Battery1 Year  Manufacturer Warranty
"Infinix Hot 10 (Amber Red, 128 GB)","₹10,999",4.3,"80,519 Ratings "," 7,590 Reviews",6 GB RAM | 128 GB ROM | Expandable Upto 256 GB17.22 cm (6.78 inch) HD+ Display16MP + 2MP + 2MP + Low Light Sensor | 8MP Front Camera5200 mAh Li-ion Polymer BatteryMediaTek Helio G70 Processor1 Year on Handset and 6 Months on Accessories
"Infinix Note 10 (7° Purple, 64 GB)","₹10,999",4.4,905 Ratings , 82 Reviews,4 GB RAM | 64 GB ROM | Expandable Upto 256 GB17.65 cm (6.95 inch) Full HD+ Display48MP + 2MP + 2MP | 16MP Front Camera5000 mAh Li-ion Polymer BatteryMediaTek Helio G85 Processor18 W Charger1 Year on Handset and 6 Months on Accessories
"OPPO A53 (Electric Black, 128 GB)","₹15,900",4.4,"17,106 Ratings ", 926 Reviews,6 GB RAM | 128 GB ROM | Expandable Upto 256 GB16.51 cm (6.5 inch) HD+ Display13MP + 2MP + 2MP | 16MP Front Camera5000 mAh Lithium-ion Polymer BatteryQualcomm Snapdragon 460 ProcessorBrand Warranty of 1 Year Available for Mobile Including Battery and 6 Months for Accessories
"SAMSUNG Galaxy M31 (Iceberg blue, 128 GB)","₹16,979",4.3,"7,225 Ratings ", 525 Reviews,6 GB RAM | 128 GB ROM | Expandable Upto 512 GB16.26 cm (6.4 inch) Full HD+ Display64MP + 8MP + 5MP + 5MP | 32MP Front Camera6000 mAh BatterySamsung Exynos 9 Octa 9611 Processor1 year
"ViVO Y20G (Purist Blue, 128 GB)","₹14,990",4.4,"2,348 Ratings ", 139 Reviews,6 GB RAM | 128 GB ROM16.54 cm (6.51 inch) Display13MP Rear Camera5000 mAh Battery1 year
"Redmi 9A (Nature Green, 32 GB)","₹7,205",4.3,"8,700 Ratings ", 493 Reviews,2 GB RAM | 32 GB ROM16.59 cm (6.53 inch) Full HD+ Display13MP Rear Camera5000 mAh Battery1 Year  Manufacturer Warranty
"SAMSUNG Galaxy M12 (Black, 64 GB)","₹12,499",4.2,"1,746 Ratings ", 109 Reviews,4 GB RAM | 64 GB ROM16.51 cm (6.5 inch) Display48MP Rear Camera6000 mAh Battery1 Year
Itel Ace,₹775,4.1,"1,306 Ratings ", 93 Reviews,4 MB RAM | 4 MB ROM | Expandable Upto 32 GB4.57 cm (1.8 inch) Display1000 mAh Lithium-ion BatterySC6531E Processor6 Months Manufacturer Warranty for Device and 6 Months Manufacturer Warranty for In-box Accessories Including Batteries from the Date of Purchase
Itel Ace,₹775,4.1,"1,306 Ratings ", 93 Reviews,4 MB RAM | 4 MB ROM | Expandable Upto 32 GB4.57 cm (1.8 inch) Display1000 mAh Lithium-ion BatterySC6531E Processor6 Months Manufacturer Warranty for Device and 6 Months Manufacturer Warranty for In-box Accessories Including Batteries from the Date of Purchase
"SAMSUNG Galaxy M31 (Space Black, 128 GB)","₹17,333",4.3,"7,225 Ratings ", 525 Reviews,6 GB RAM | 128 GB ROM | Expandable Upto 512 GB16.26 cm (6.4 inch) Full HD+ Display64MP + 8MP + 5MP + 5MP | 32MP Front Camera6000 mAh BatterySamsung Exynos 9 Octa 9611 Processor1 year
Micromax X378,₹883,3.9,"8,607 Ratings ", 584 Reviews,32 MB RAM | 32 MB ROM4.5 cm (1.77 inch) Display1MP Rear Camera800 mAh Battery1 Year Warranty
"REDMI Note 10 (Aqua Green, 64 GB)","₹13,689",4.3,"4,566 Ratings ", 342 Reviews,4 GB RAM | 64 GB ROM | Expandable Upto 512 GB16.33 cm (6.43 inch) Full HD+ Display48MP + 8MP + 2MP + 2MP | 13MP Front Camera5000 mAh Li-Polymer BatteryQualcomm Snapdragon 678 Processor1 Year Manufacturer Warranty for Device and 6 Months Manufacturer Warranty for In-box Accessories Including Batteries from the Date of Purchase
"SAMSUNG Galaxy A31 (Prism Crush White, 128 GB)","₹16,999",4.3,"10,375 Ratings ", 887 Reviews,6 GB RAM | 128 GB ROM | Expandable Upto 512 GB16.26 cm (6.4 inch) Full HD+ Display48MP + 8MP + 5MP + 5MP | 20MP Front Camera5000 mAh Lithium-ion BatteryMediaTek (MT6768) Octa Core ProcessorSuper AMOLED Display1 Year Manufacturer Warranty for Phone and 6 Months Warranty for in the Box Accessories
Lava Pulse Mobile Phone-With BP & Heart Rate Monitor,"₹1,495",4.1,"1,957 Ratings ", 231 Reviews,32 MB RAM | 32 MB ROM | Expandable Upto 32 GB6.1 cm (2.4 inch) Display0.3MP Rear Camera1750 mAh Lithium-ion Battery1 Year Manufacturer Replacement Guarantee for Phone and 6 Months Replacement for Accessories in the Box
"SAMSUNG M31 (Ocean Blue, 128 GB)","₹16,985",4.3,"4,810 Ratings ", 359 Reviews,6 GB RAM | 128 GB ROM | Expandable Upto 512 GB16.26 cm (6.4 inch) Full HD+ Display64MP + 8MP + 5MP + 5MP | 32MP Front Camera6000 mAh BatterySamsung Exynos 9 Octa 9611 Processor1 year
"Itel A48 (Gradation Green, 32 GB)","₹5,949",4,600 Ratings , 31 Reviews,2 GB RAM | 32 GB ROM | Expandable Upto 128 GB15.49 cm (6.1 inch) HD+ Display5MP Rear Camera | 5MP Front Camera3000 mAh BatteryQuad Core Processor1YEAR Manufacturer Warrenty
"realme X7 5G (Space Silver, 128 GB)","₹21,999",4.3,"9,459 Ratings ", 815 Reviews,8 GB RAM | 128 GB ROM16.33 cm (6.43 inch) Full HD+ Display64MP + 8MP + 2MP | 16MP Front Camera4310 mAh BatteryMediaTek Dimensity 800U ProcessorSuper AMOLED Display50W Fast Charging | Lightweight (176 g) and SlimBrand Warranty of 1 Year Available for Mobile and 6 Months for Accessories
"LG W31 Plus (Midnight Blue, 128 GB)","₹8,299",4.1,877 Ratings , 68 Reviews,4 GB RAM | 128 GB ROM | Expandable Upto 512 GB16.56 cm (6.52 inch) HD+ Display13MP + 5MP + 2MP | 8MP Front Camera4000 mAh Lithium Polymer BatteryMediaTek Helio G25 Processor1 Year Manufacturer Warranty for Device and 6 Months Manufacturer Warranty for In-box Accessories Including Batteries from the Date of Purchase
Micromax X1i-2017,"₹1,049",3.8,"2,402 Ratings ", 232 Reviews,32 MB ROM | Expandable Upto 8 GB6.1 cm (2.4 inch) QVGA Display0.8MP Rear Camera1300 mAh BatteryBrand Warranty of 1 Year Available for Mobile and 6 Months for Accessories
"REDMI 9i (Midnight Black, 128 GB)","₹9,299",4.3,"3,17,243 Ratings "," 17,994 Reviews",4 GB RAM | 128 GB ROM | Expandable Upto 512 GB16.59 cm (6.53 inch) HD+ Display13MP Rear Camera | 5MP Front Camera5000 mAh Lithium Polymer BatteryMediaTek Helio G25 ProcessorBrand Warranty of 1 Year Available for Mobile and 6 Months for Accessories
Nokia 3310 DS 2020,"₹3,669",3.8,"32,726 Ratings "," 3,314 Reviews",16 MB ROM | Expandable Upto 32 GB6.1 cm (2.4 inch) QVGA Display2MP Rear Camera1200 mAh BatteryBrand Warranty of 1 Year Available for Mobile and 6 Months for Accessories
"Micromax IN 1b (Green, 64 GB)","₹9,399",4.1,"24,100 Ratings "," 3,938 Reviews",4 GB RAM | 64 GB ROM | Expandable Upto 128 GB16.56 cm (6.52 inch) HD+ Display13MP + 2MP | 8MP Front Camera5000 mAh Li-Polymer BatteryMediaTek Helio G35 (MT6765V/WB) ProcessorBrand Warranty of 1 Year Available for Mobile and 6 Months for Accessories
KARBONN K9,"₹1,299",4.1,"7,543 Ratings ", 553 Reviews,6.6 cm (2.6 inch) QVGA Display2MP Rear Camera1800 mAh Battery1 Year Manufacturer Warranty
Itel IT2163,₹835,4,"5,106 Ratings ", 383 Reviews,4 MB RAM | 4 MB ROM | Expandable Upto 32 GB4.57 cm (1.8 inch) Display1000 mAh Lithium-ion BatterySC6531E Processor1 Year Manufacturer Warranty for Device and 6 Months Manufacturer Warranty for In-box Accessories Including Batteries from the Date of Purchase
"SAMSUNG Galaxy M51 (Celestial Black, 128 GB)","₹24,399",4.4,643 Ratings , 36 Reviews,8 GB RAM | 128 GB ROM17.02 cm (6.7 inch) Display64MP Rear Camera7000 mAh Battery1 year manufacturer warranty for device and 6 months manufacturer warranty for in-box accessories including batteries from the date of purchase
"SAMSUNG Galaxy M02 (Gray, 32 GB)","₹8,498",4,667 Ratings , 64 Reviews,3 GB RAM | 32 GB ROM16.64 cm (6.55 inch) Full HD+ Display13MP + 2MP | 5MP Front Camera5000 mAh BatteryMediaTek MT6739 Processor1 year manufacturer warranty for device and 6 months manufacturer warranty for in-box accessories including batteries from the date of purchase
"realme 8 Pro (Illuminating Yellow, 128 GB)","₹17,999",4.3,"26,716 Ratings "," 2,481 Reviews",6 GB RAM | 128 GB ROM | Expandable Upto 256 GB16.26 cm (6.4 inch) Full HD+ Display108MP + 8MP + 2MP + 2MP | 16MP Front Camera4500 mAh BatteryQualcomm Snapdragon 720G ProcessorSuper AMOLED Display1 Year Warranty for Mobile and 6 Months for Accessories
